FID,region,prefecture,commune,canton,localite,nom,categorie,statut,actif,prefecture_key,commune_key,canton_key,lon,lat
_mview_finance_etablissements_banque.fid-7b1c8a4a_1943cbfe119_-447e,Grand Lomé,Golfe,Golfe 5,Aflao-Gakli,Amadahome,BTCI Amadahome,Banque,Non renseigné,False,GOLFE,GOLFE 5,GOLFE | AFLAO-GAKLI,1.1654270638510162,6.203541360604255
_mview_finance_etablissements_banque.fid-7b1c8a4a_1943cbfe119_-447d,Maritime,Bas-Mono,Bas-Mono 1,Afagnangan,Awassi Onorio,FUCEC Togo Afagnan,Micro-Finance,En activité,True,BAS-MONO,BAS-MONO 1,BAS-MONO | AFAGNANGAN,1.6271233333333333,6.4957666666666665
_mview_finance_etablissements_banque.fid-7b1c8a4a_1943cbfe119_-447c,Maritime,Zio,Zio 1,Abobo,Djagble,Mutuelle Dignite Humaine,Mutuelle,En activité,True,ZIO,ZIO 1,ZIO | ABOBO,1.287165,6.2662249999999995
_mview_finance_etablissements_banque.fid-7b1c8a4a_1943cbfe119_-447b,Maritime,Zio,Zio 1,Abobo,Ablota,Mutuelle Le Roc,Mutuelle,En activité,True,ZIO,ZIO 1,ZIO | ABOBO,1.3728760724747087,6.239534103539881
_mview_finance_etablissements_banque.fid-7b1c8a4a_1943cbfe119_-447a,Grand Lomé,Golfe,Golfe 5,Aflao-Gakli,Adidogome,FUCEC-Togo,Micro-Finance,En activité,True,GOLFE,GOLFE 5,GOLFE | AFLAO-GAKLI,1.1690136321572586,6.183478641263159
_mview_finance_etablissements_banque.fid-7b1c8a4a_1943cbfe119_-4479,Grand Lomé,Agoè-Nyivé,Agoè-Nyivé 1,Agoè-Nyivé,Adidoadin,CIF Assurance-vie,Assurance,En activité,True,AGOE-NYIVE,AGOE-NYIVE 1,AGOE-NYIVE | AGOE-NYIVE,1.1895305475058346,6.206187504803494
_mview_finance_etablissements_banque.fid-7b1c8a4a_1943cbfe119_-4478,Grand Lomé,Golfe,Golfe 6,Baguida,BAGUIDA,BTCI Baguida,Banque,En activité,True,GOLFE,GOLFE 6,GOLFE | BAGUIDA,1.3381952574322604,6.167495664668762
_mview_finance_etablissements_banque.fid-7b1c8a4a_1943cbfe119_-4477,Grand Lomé,Golfe,Golfe 5,Aflao-Gakli,Totsi,Microfinance Millenium Totsi,Micro-Finance,En activité,True,GOLFE,GOLFE 5,GOLFE | AFLAO-GAKLI,1.1866806869108153,6.197077790836492
_mview_finance_etablissements_banque.fid-7b1c8a4a_1943cbfe119_-4476,Grand Lomé,Golfe,Golfe 5,Aflao-Gakli,Agbalepedogan,BTCI Agbalepedogan,Banque,Non renseigné,False,GOLFE,GOLFE 5,GOLFE | AFLAO-GAKLI,1.2007360347995675,6.197624349044445
_mview_finance_etablissements_banque.fid-7b1c8a4a_1943cbfe119_-4475,Maritime,Zio,Zio 1,Djagblé,Djagble,COOPAD Djagblé,Micro-Finance,En activité,True,ZIO,ZIO 1,ZIO | DJAGBLE,1.282792090426032,6.254119620863774
_mview_finance_etablissements_banque.fid-7b1c8a4a_1943cbfe119_-4474,Plateaux,Ogou,Ogou 1,Gnagna,YATA,SUNU Bank Yata,Banque,Fermé / abandonné,False,OGOU,OGOU 1,OGOU | GNAGNA,1.1403786980788655,7.519636195213213
_mview_finance_etablissements_banque.fid-7b1c8a4a_1943cbfe119_-4473,Maritime,Zio,Zio 1,Djagblé,Djagble,Mutuelle Meci,Mutuelle,En activité,True,ZIO,ZIO 1,ZIO | DJAGBLE,1.2835601090271076,6.256053905261389
_mview_finance_etablissements_banque.fid-7b1c8a4a_1943cbfe119_-4472,Grand Lomé,Golfe,Golfe 4,Amoutivé,Adawlato,Direction générale Siab Togo,Banque,En activité,True,GOLFE,GOLFE 4,GOLFE | AMOUTIVE,1.22458742066699,6.123606099488691
_mview_finance_etablissements_banque.fid-7b1c8a4a_1943cbfe119_-4471,Centrale,Blitta,Blitta 2,Agbandi,Agbandji,UCMECF To Point de Agbandji,Micro-Finance,En activité,True,BLITTA,BLITTA 2,BLITTA | AGBANDI,1.1345633333333334,8.227016666666666
_mview_finance_etablissements_banque.fid-7b1c8a4a_1943cbfe119_-4470,Centrale,Blitta,Blitta 1,Pagala-Gare,Pagala Gare,FUCEC Togo Agence Pagala,Micro-Finance,En activité,True,BLITTA,BLITTA 1,BLITTA | PAGALA-GARE,0.9754058150753561,8.178073750269546
_mview_finance_etablissements_banque.fid-7b1c8a4a_1943cbfe119_-446f,Maritime,Zio,Zio 1,Abobo,Aveta,Mutuelle Le President Microfinance Sa,Mutuelle,Non renseigné,False,ZIO,ZIO 1,ZIO | ABOBO,1.2919633333333334,6.270525
_mview_finance_etablissements_banque.fid-7b1c8a4a_1943cbfe119_-446e,Grand Lomé,Agoè-Nyivé,Agoè-Nyivé 3,Vakpossito,Telessou,FUCEC-togo Agence Vakpossito,Micro-Finance,Non renseigné,False,AGOE-NYIVE,AGOE-NYIVE 3,AGOE-NYIVE | VAKPOSSITO,1.1693257332827622,6.218002102046497
_mview_finance_etablissements_banque.fid-7b1c8a4a_1943cbfe119_-446d,Grand Lomé,Golfe,Golfe 5,Aflao-Gakli,Totsi,UTB Agence Totsi,Banque,En activité,True,GOLFE,GOLFE 5,GOLFE | AFLAO-GAKLI,1.1875630239819002,6.196495010626283
_mview_finance_etablissements_banque.fid-7b1c8a4a_1943cbfe119_-446c,Maritime,Zio,Zio 1,Djagblé,Gbama Cope,CECAV Gbama Kope,Micro-Finance,En activité,True,ZIO,ZIO 1,ZIO | DJAGBLE,1.2635966666666665,6.260861666666667
_mview_finance_etablissements_banque.fid-7b1c8a4a_1943cbfe119_-446b,Grand Lomé,Golfe,Golfe 5,Aflao-Gakli,Adidogome,COOPEC Fidelite,Micro-Finance,En activité,True,GOLFE,GOLFE 5,GOLFE | AFLAO-GAKLI,1.1817190932930046,6.175686110238065
_mview_finance_etablissements_banque.fid-7b1c8a4a_1943cbfe119_-446a,Grand Lomé,Golfe,Golfe 5,Aflao-Gakli,Totsi,Mutuelle ASJD Totsi,Mutuelle,En activité,True,GOLFE,GOLFE 5,GOLFE | AFLAO-GAKLI,1.1876890867899137,6.1953512742015
_mview_finance_etablissements_banque.fid-7b1c8a4a_1943cbfe119_-4469,Maritime,Bas-Mono,Bas-Mono 1,Afagnan-Gbléta,Gbleta,CEC Tso Nakle,Mutuelle,En activité,True,BAS-MONO,BAS-MONO 1,BAS-MONO | AFAGNAN-GBLETA,1.6155766666666664,6.494128333333333
_mview_finance_etablissements_banque.fid-7b1c8a4a_1943cbfe119_-4468,Grand Lomé,Agoè-Nyivé,Agoè-Nyivé 1,Agoè-Nyivé,Agbalepedogan,Fidelia Assurance Agbalepedogan,Assurance,En activité,True,AGOE-NYIVE,AGOE-NYIVE 1,AGOE-NYIVE | AGOE-NYIVE,1.1955433333333334,6.201101666666667
_mview_finance_etablissements_banque.fid-7b1c8a4a_1943cbfe119_-4467,Grand Lomé,Agoè-Nyivé,Agoè-Nyivé 3,Vakpossito,Elevagnon Kleve,Fonds Communautaire Pour Le Developpement,Mutuelle,En activité,True,AGOE-NYIVE,AGOE-NYIVE 3,AGOE-NYIVE | VAKPOSSITO,1.1686083442527062,6.2190883839568425
_mview_finance_etablissements_banque.fid-7b1c8a4a_1943cbfe119_-4466,Maritime,Zio,Zio 1,Djagblé,Djagble,COOPEC AD Djagblé,Micro-Finance,En activité,True,ZIO,ZIO 1,ZIO | DJAGBLE,1.2842417099879921,6.259451822949494
_mview_finance_etablissements_banque.fid-7b1c8a4a_1943cbfe119_-4465,Centrale,Tchaoudjo,Tchaoudjo 1,Sokodè (Komah),KOMAH,COMEC Sokode,Micro-Finance,En activité,True,TCHAOUDJO,TCHAOUDJO 1,TCHAOUDJO | SOKODE (KOMAH),1.1351699999999996,8.97086166666667
_mview_finance_etablissements_banque.fid-7b1c8a4a_1943cbfe119_-4464,Centrale,Tchaoudjo,Tchaoudjo 1,Sokodè (Komah),SOKODÉ,BTCI Sokode,Banque,En activité,True,TCHAOUDJO,TCHAOUDJO 1,TCHAOUDJO | SOKODE (KOMAH),1.138942413350057,8.988671205880385
_mview_finance_etablissements_banque.fid-7b1c8a4a_1943cbfe119_-4463,Centrale,Mô,Mô 1,Djarkpanga,AChantinewtown,SPT Djarkpanga,Banque,En construction / inachevé,False,MO,MO 1,MO | DJARKPANGA,0.5640999999999995,8.78293666666667
_mview_finance_etablissements_banque.fid-7b1c8a4a_1943cbfe119_-4462,Centrale,Mô,Mô 1,Djarkpanga,Djarkpanga,COOPEC Plaine de Mo,Micro-Finance,En activité,True,MO,MO 1,MO | DJARKPANGA,0.5628950000000001,8.784271666666665
_mview_finance_etablissements_banque.fid-7b1c8a4a_1943cbfe119_-4461,Centrale,Mô,Mô 2,Tindjasse,LAO,Microfinance Amitie Entre les Peuples,Micro-Finance,En activité,True,MO,MO 2,MO | TINDJASSE,0.4636942079689802,8.65053963279447
_mview_finance_etablissements_banque.fid-7b1c8a4a_1943cbfe119_-4460,Maritime,Vo,Vo 4,Hahotoé,HAHOTOE,WAGES Hahotoe,Micro-Finance,En activité,True,VO,VO 4,VO | HAHOTOE,1.4174033333333325,6.3653716666666655
_mview_finance_etablissements_banque.fid-7b1c8a4a_1943cbfe119_-445f,Centrale,Tchaoudjo,Tchaoudjo 1,Sokodè (Komah),Quartier administratif,COOPEC Gaiete de Sokode,Micro-Finance,En activité,True,TCHAOUDJO,TCHAOUDJO 1,TCHAOUDJO | SOKODE (KOMAH),1.1374168660464508,8.97894905470748
_mview_finance_etablissements_banque.fid-7b1c8a4a_1943cbfe119_-445e,Centrale,Tchaoudjo,Tchaoudjo 1,Sokodè (Komah),TCHAWANDA,COOPEC AD de Sokode,Micro-Finance,En activité,True,TCHAOUDJO,TCHAOUDJO 1,TCHAOUDJO | SOKODE (KOMAH),1.1361540914462493,8.988323631561128
_mview_finance_etablissements_banque.fid-7b1c8a4a_1943cbfe119_-445d,Centrale,Tchaoudjo,Tchaoudjo 1,Sokodè (Komah),SOKODE,ECOBANK Sokode,Banque,En activité,True,TCHAOUDJO,TCHAOUDJO 1,TCHAOUDJO | SOKODE (KOMAH),1.139305810376904,8.988453533954205
_mview_finance_etablissements_banque.fid-7b1c8a4a_1943cbfe119_-445c,Centrale,Tchaoudjo,Tchaoudjo 1,Sokodè (Komah),SOKODE,Banque Atlantique Sokodé,Banque,En activité,True,TCHAOUDJO,TCHAOUDJO 1,TCHAOUDJO | SOKODE (KOMAH),1.1397067101565963,8.987417421356668
_mview_finance_etablissements_banque.fid-7b1c8a4a_1943cbfe119_-445b,Centrale,Tchaoudjo,Tchaoudjo 1,Sokodè (Komah),Sokode,BSIC Sokode,Banque,En activité,True,TCHAOUDJO,TCHAOUDJO 1,TCHAOUDJO | SOKODE (KOMAH),1.1380730622757838,8.990393746191828
_mview_finance_etablissements_banque.fid-7b1c8a4a_1943cbfe119_-445a,Centrale,Tchaoudjo,Tchaoudjo 1,Sokodè (Komah),ZONGO,SPT Sokode,Banque,En activité,True,TCHAOUDJO,TCHAOUDJO 1,TCHAOUDJO | SOKODE (KOMAH),1.1403784361468559,8.985052292635878
_mview_finance_etablissements_banque.fid-7b1c8a4a_1943cbfe119_-4459,Centrale,Tchaoudjo,Tchaoudjo 1,Sokodè (Komah),SOKODE,ORABANK Sokode,Banque,En activité,True,TCHAOUDJO,TCHAOUDJO 1,TCHAOUDJO | SOKODE (KOMAH),1.135012120185726,8.988120159300394
_mview_finance_etablissements_banque.fid-7b1c8a4a_1943cbfe119_-4458,Centrale,Tchaoudjo,Tchaoudjo 1,Sokodè (Komah),SOKODE,BOA Sokodé,Banque,En activité,True,TCHAOUDJO,TCHAOUDJO 1,TCHAOUDJO | SOKODE (KOMAH),1.139422366260735,8.9881736394278
_mview_finance_etablissements_banque.fid-7b1c8a4a_1943cbfe119_-4457,Centrale,Tchaoudjo,Tchaoudjo 1,Sokodè (Komah),ZONGO,Mutuelle Tibi de Sokode,Micro-Finance,En activité,True,TCHAOUDJO,TCHAOUDJO 1,TCHAOUDJO | SOKODE (KOMAH),1.138538662480204,8.989627972962895
_mview_finance_etablissements_banque.fid-7b1c8a4a_1943cbfe119_-4456,Grand Lomé,Golfe,Golfe 1,Bè-Est,AKODESSEWA,SUNU Bank Akodessewa,Banque,En activité,True,GOLFE,GOLFE 1,GOLFE | BE-EST,1.2409790321902656,6.140851224019129
_mview_finance_etablissements_banque.fid-7b1c8a4a_1943cbfe119_-4455,Centrale,Tchaoudjo,Tchaoudjo 1,Sokodè (Komah),SOKODE,WAGES Sokode,Micro-Finance,En activité,True,TCHAOUDJO,TCHAOUDJO 1,TCHAOUDJO | SOKODE (KOMAH),1.1408407635574265,8.987919380169773
_mview_finance_etablissements_banque.fid-7b1c8a4a_1943cbfe119_-4454,Centrale,Tchaoudjo,Tchaoudjo 1,Kpangalam,KPANGALAM,URCLEC Sokode,Micro-Finance,En activité,True,TCHAOUDJO,TCHAOUDJO 1,TCHAOUDJO | KPANGALAM,1.1356097,9.009038100000001
_mview_finance_etablissements_banque.fid-7b1c8a4a_1943cbfe119_-4453,Centrale,Tchaoudjo,Tchaoudjo 1,Sokodè (Komah),Sokode,CORIS Bank Sokode,Banque,En activité,True,TCHAOUDJO,TCHAOUDJO 1,TCHAOUDJO | SOKODE (KOMAH),1.1383449999999995,8.98977666666667
_mview_finance_etablissements_banque.fid-7b1c8a4a_1943cbfe119_-4452,Centrale,Tchaoudjo,Tchaoudjo 1,Kpangalam,Kpangalam,Direction URCLEC Sokode,Micro-Finance,En activité,True,TCHAOUDJO,TCHAOUDJO 1,TCHAOUDJO | KPANGALAM,1.1400340808462006,9.02536056426368
_mview_finance_etablissements_banque.fid-7b1c8a4a_1943cbfe119_-4451,Centrale,Tchamba,Tchamba 1,Tchamba,Djayewoa,FUCEC Togo Djayowoa,Micro-Finance,En activité,True,TCHAMBA,TCHAMBA 1,TCHAMBA | TCHAMBA,1.414178333333333,9.022271666666668
_mview_finance_etablissements_banque.fid-7b1c8a4a_1943cbfe119_-4450,Centrale,Tchamba,Tchamba 1,Tchamba,ZONGO,UTB Tchamba,Banque,En activité,True,TCHAMBA,TCHAMBA 1,TCHAMBA | TCHAMBA,1.4158900000000003,9.028351666666667
_mview_finance_etablissements_banque.fid-7b1c8a4a_1943cbfe119_-444f,Centrale,Tchamba,Tchamba 1,Tchamba,Iyiwa,URCLEC Iyiwa,Micro-Finance,En activité,True,TCHAMBA,TCHAMBA 1,TCHAMBA | TCHAMBA,1.4149033333333332,9.022533333333334
_mview_finance_etablissements_banque.fid-7b1c8a4a_1943cbfe119_-444e,Centrale,Tchamba,Tchamba 1,Tchamba,Forêt chance,UCMECF-TO Tchamba,Micro-Finance,En activité,True,TCHAMBA,TCHAMBA 1,TCHAMBA | TCHAMBA,1.4225500000000004,9.025471666666665
_mview_finance_etablissements_banque.fid-7b1c8a4a_1943cbfe119_-444d,Centrale,Tchamba,Tchamba 1,Tchamba,Forêt chance,COOPEC ADESEM Forêt chance,Micro-Finance,En activité,True,TCHAMBA,TCHAMBA 1,TCHAMBA | TCHAMBA,1.42318,9.026513333333334
_mview_finance_etablissements_banque.fid-7b1c8a4a_1943cbfe119_-444c,Centrale,Tchamba,Tchamba 3,Kaboli,Djama,COOPEC ADESEM Djama,Micro-Finance,En activité,True,TCHAMBA,TCHAMBA 3,TCHAMBA | KABOLI,1.5851316666666668,8.751820000000002
_mview_finance_etablissements_banque.fid-7b1c8a4a_1943cbfe119_-444b,Centrale,Tchamba,Tchamba 3,Kaboli,Guimegue,FUCEC Togo Guimegue,Micro-Finance,En activité,True,TCHAMBA,TCHAMBA 3,TCHAMBA | KABOLI,1.5953733333333329,8.74755833333334
_mview_finance_etablissements_banque.fid-7b1c8a4a_1943cbfe119_-444a,Centrale,Tchamba,Tchamba 3,Kaboli,Adja,URCLEC Adja,Micro-Finance,En activité,True,TCHAMBA,TCHAMBA 3,TCHAMBA | KABOLI,1.5936216666666667,8.749235
_mview_finance_etablissements_banque.fid-7b1c8a4a_1943cbfe119_-4449,Centrale,Tchamba,Tchamba 3,Kaboli,TAKETE,WAGES Takete,Micro-Finance,En activité,True,TCHAMBA,TCHAMBA 3,TCHAMBA | KABOLI,1.5930166666666665,8.74731333333333
_mview_finance_etablissements_banque.fid-7b1c8a4a_1943cbfe119_-4448,Centrale,Tchamba,Tchamba 2,Koussountou,Bassegue,FUCEC Togo Bassegue,Micro-Finance,En activité,True,TCHAMBA,TCHAMBA 2,TCHAMBA | KOUSSOUNTOU,1.5183449999999998,8.832591666666668
_mview_finance_etablissements_banque.fid-7b1c8a4a_1943cbfe119_-4447,Centrale,Tchaoudjo,Tchaoudjo 1,Sokodè (Komah),SOKODE,CMECF Sokode,Micro-Finance,En activité,True,TCHAOUDJO,TCHAOUDJO 1,TCHAOUDJO | SOKODE (KOMAH),1.1372728118047162,8.987489146711019
_mview_finance_etablissements_banque.fid-7b1c8a4a_1943cbfe119_-4446,Centrale,Tchaoudjo,Tchaoudjo 1,Sokodè (Komah),Sokode,COOPEC ADESEM Sokodé,Micro-Finance,En activité,True,TCHAOUDJO,TCHAOUDJO 1,TCHAOUDJO | SOKODE (KOMAH),1.1346216666666666,8.98726
_mview_finance_etablissements_banque.fid-7b1c8a4a_1943cbfe119_-4445,Grand Lomé,Golfe,Golfe 4,Amoutivé,Nyékonakpoè,ORABANK Nyékonakpoè,Banque,Non renseigné,False,GOLFE,GOLFE 4,GOLFE | AMOUTIVE,1.2137183333333335,6.130093333333335
_mview_finance_etablissements_banque.fid-7b1c8a4a_1943cbfe119_-4444,Centrale,Tchaoudjo,Tchaoudjo 1,Sokodè (Komah),Sokodé,SUNU Bank Sokodé,Banque,En activité,True,TCHAOUDJO,TCHAOUDJO 1,TCHAOUDJO | SOKODE (KOMAH),1.1362916666666667,8.973838333333331
_mview_finance_etablissements_banque.fid-7b1c8a4a_1943cbfe119_-4443,Centrale,Sotouboua,Sotouboua 1,Sotouboua,"Sotouboua, Sondè",SUNU Bank Sotouboua,Banque,En activité,True,SOTOUBOUA,SOTOUBOUA 1,SOTOUBOUA | SOTOUBOUA,0.978938333333334,8.56456
_mview_finance_etablissements_banque.fid-7b1c8a4a_1943cbfe119_-4442,Centrale,Sotouboua,Sotouboua 1,Sotouboua,Sondè,UTB de Sotouboua,Banque,En activité,True,SOTOUBOUA,SOTOUBOUA 1,SOTOUBOUA | SOTOUBOUA,0.9762098228790849,8.561324711379944
_mview_finance_etablissements_banque.fid-7b1c8a4a_1943cbfe119_-4441,Grand Lomé,Golfe,Golfe 6,Baguida,AVEPOZO,COOPEC AD Avepozo,Micro-Finance,En activité,True,GOLFE,GOLFE 6,GOLFE | BAGUIDA,1.3508488315358567,6.171477392594488
_mview_finance_etablissements_banque.fid-7b1c8a4a_1943cbfe119_-4440,Centrale,Sotouboua,Sotouboua 1,Sotouboua,SOTOUBOUA SONDE,ORABANK de Sotouboua,Banque,En activité,True,SOTOUBOUA,SOTOUBOUA 1,SOTOUBOUA | SOTOUBOUA,0.9751685688305068,8.560778211422667
_mview_finance_etablissements_banque.fid-7b1c8a4a_1943cbfe119_-443f,Grand Lomé,Golfe,Golfe 5,Aflao-Gakli,TOTSI ADIDOADIN,Banque Atlantique Adidoadin,Banque,En activité,True,GOLFE,GOLFE 5,GOLFE | AFLAO-GAKLI,1.1882127801715372,6.199797610560822
_mview_finance_etablissements_banque.fid-7b1c8a4a_1943cbfe119_-443e,Grand Lomé,Golfe,Golfe 7,Aflao-Sagbado,MADIBA,COOPEC AD Adidogome Madiba,Micro-Finance,En activité,True,GOLFE,GOLFE 7,GOLFE | AFLAO-SAGBADO,1.148209999999999,6.200311666666667
_mview_finance_etablissements_banque.fid-7b1c8a4a_1943cbfe119_-443d,Centrale,Sotouboua,Sotouboua 1,Sotouboua,SOTOUBOUA LAW WAYI,WAGES M'heza de Sotouboua,Micro-Finance,En activité,True,SOTOUBOUA,SOTOUBOUA 1,SOTOUBOUA | SOTOUBOUA,0.9795333333333334,8.565854999999999
_mview_finance_etablissements_banque.fid-7b1c8a4a_1943cbfe119_-443c,Centrale,Sotouboua,Sotouboua 1,Sotouboua,Lawaye,FUCEC Togo de Sotouboua,Micro-Finance,En activité,True,SOTOUBOUA,SOTOUBOUA 1,SOTOUBOUA | SOTOUBOUA,0.9839933333333336,8.561128333333334
_mview_finance_etablissements_banque.fid-7b1c8a4a_1943cbfe119_-443b,Centrale,Sotouboua,Sotouboua 1,Sotouboua,Lawaye,URCLEC de Sotouboua,Micro-Finance,En activité,True,SOTOUBOUA,SOTOUBOUA 1,SOTOUBOUA | SOTOUBOUA,0.9833055591689458,8.561717960817296
_mview_finance_etablissements_banque.fid-7b1c8a4a_1943cbfe119_-443a,Centrale,Sotouboua,Sotouboua 1,Sotouboua,Sondè,Mutuelle Tibi de Sotouboua,Micro-Finance,En activité,True,SOTOUBOUA,SOTOUBOUA 1,SOTOUBOUA | SOTOUBOUA,0.9745066666666669,8.561853333333337
_mview_finance_etablissements_banque.fid-7b1c8a4a_1943cbfe119_-4439,Centrale,Tchaoudjo,Tchaoudjo 1,Sokodè (Komah),KOMAH 1,UTB Sokodé,Banque,En activité,True,TCHAOUDJO,TCHAOUDJO 1,TCHAOUDJO | SOKODE (KOMAH),1.1397479376919393,8.984248081094423
_mview_finance_etablissements_banque.fid-7b1c8a4a_1943cbfe119_-4438,Centrale,Sotouboua,Sotouboua 1,Sotouboua,SOTOUBOUA,CMECF Sotouboua,Micro-Finance,En activité,True,SOTOUBOUA,SOTOUBOUA 1,SOTOUBOUA | SOTOUBOUA,0.9812148591194516,8.563263675313134
_mview_finance_etablissements_banque.fid-7b1c8a4a_1943cbfe119_-4437,Centrale,Sotouboua,Sotouboua 1,Sotouboua,SOTOUBOUA,CECO COOP de Sotouboua,Micro-Finance,En activité,True,SOTOUBOUA,SOTOUBOUA 1,SOTOUBOUA | SOTOUBOUA,0.9702683333333327,8.555911666666669
_mview_finance_etablissements_banque.fid-7b1c8a4a_1943cbfe119_-4436,Centrale,Sotouboua,Sotouboua 2,Adjengré,ADJENGRE,FUCEC Togo Adjengre,Micro-Finance,En activité,True,SOTOUBOUA,SOTOUBOUA 2,SOTOUBOUA | ADJENGRE,1.0179816666666672,8.66349
_mview_finance_etablissements_banque.fid-7b1c8a4a_1943cbfe119_-4435,Centrale,Sotouboua,Sotouboua 3,Tchébébé,Tchébébe,CMECF-sotouboua,Micro-Finance,En activité,True,SOTOUBOUA,SOTOUBOUA 3,SOTOUBOUA | TCHEBEBE,0.99136,8.430226666666668
_mview_finance_etablissements_banque.fid-7b1c8a4a_1943cbfe119_-4434,Centrale,Sotouboua,Sotouboua 1,Sotouboua,Sotouboua,Club Entraide Sans Frontière Microfinance,Micro-Finance,En activité,True,SOTOUBOUA,SOTOUBOUA 1,SOTOUBOUA | SOTOUBOUA,0.9762896155194898,8.560861225625931
_mview_finance_etablissements_banque.fid-7b1c8a4a_1943cbfe119_-4433,Centrale,Sotouboua,Sotouboua 2,Adjengré,N/a,COOPEC ADESEM de ADjengre,Micro-Finance,En activité,True,SOTOUBOUA,SOTOUBOUA 2,SOTOUBOUA | ADJENGRE,1.020245,8.669360000000003
_mview_finance_etablissements_banque.fid-7b1c8a4a_1943cbfe119_-4432,Centrale,Sotouboua,Sotouboua 2,Adjengré,Zongo,Caisse Mutuelle d'épargne et de Crédit Pour Les Femmes du Togo de ADjengre,Micro-Finance,En activité,True,SOTOUBOUA,SOTOUBOUA 2,SOTOUBOUA | ADJENGRE,1.0196982050820533,8.658409391833956
_mview_finance_etablissements_banque.fid-7b1c8a4a_1943cbfe119_-4431,Centrale,Sotouboua,Sotouboua 3,Tchébébé,TCHÉBÉBÉ,COOPEC ADESEM Agence de Tchébébé,Micro-Finance,En activité,True,SOTOUBOUA,SOTOUBOUA 3,SOTOUBOUA | TCHEBEBE,0.9955423597603048,8.433720540039227
_mview_finance_etablissements_banque.fid-7b1c8a4a_1943cbfe119_-4430,Centrale,Sotouboua,Sotouboua 3,Tchébébé,TCHÉBÉBÉ,FUCEC Togo Enente de Tchebebe,Micro-Finance,En activité,True,SOTOUBOUA,SOTOUBOUA 3,SOTOUBOUA | TCHEBEBE,0.991393333333333,8.434643333333332
_mview_finance_etablissements_banque.fid-7b1c8a4a_1943cbfe119_-442f,Grand Lomé,Agoè-Nyivé,Agoè-Nyivé 1,Agoè-Nyivé,Assiyeye,Aliada Agoe,Micro-Finance,En activité,True,AGOE-NYIVE,AGOE-NYIVE 1,AGOE-NYIVE | AGOE-NYIVE,1.197142819167033,6.232668097886787
_mview_finance_etablissements_banque.fid-7b1c8a4a_1943cbfe119_-442e,Centrale,Tchaoudjo,Tchaoudjo 1,Kpangalam,KPANGALAM,SPT Kpangalam,Banque,En activité,True,TCHAOUDJO,TCHAOUDJO 1,TCHAOUDJO | KPANGALAM,1.1361910039466734,9.009539121285307
_mview_finance_etablissements_banque.fid-7b1c8a4a_1943cbfe119_-442d,Centrale,Blitta,Blitta 1,Blitta,Lama kaza,URCLEC Lamakaza,Micro-Finance,En activité,True,BLITTA,BLITTA 1,BLITTA | BLITTA,0.98663,8.32863333333333
_mview_finance_etablissements_banque.fid-7b1c8a4a_1943cbfe119_-442c,Centrale,Blitta,Blitta 1,Blitta,Blitta  zongo,FUCEC Togo Blitta zongo,Micro-Finance,En activité,True,BLITTA,BLITTA 1,BLITTA | BLITTA,0.9776783333333331,8.326518333333334
_mview_finance_etablissements_banque.fid-7b1c8a4a_1943cbfe119_-442b,Centrale,Blitta,Blitta 1,Pagala-Gare,Pagala Gare,SPT Pagala Gare,Banque,En activité,True,BLITTA,BLITTA 1,BLITTA | PAGALA-GARE,0.9649733333541228,8.183901666623392
_mview_finance_etablissements_banque.fid-7b1c8a4a_1943cbfe119_-442a,Centrale,Blitta,Blitta 1,Blitta,LAMA kaza,UTB Lamakaza,Banque,En activité,True,BLITTA,BLITTA 1,BLITTA | BLITTA,0.9862066666666659,8.33103333333333
_mview_finance_etablissements_banque.fid-7b1c8a4a_1943cbfe119_-4429,Centrale,Blitta,Blitta 2,Agbandi,BAGBO,FUCEC Togo Bagbo,Micro-Finance,En activité,True,BLITTA,BLITTA 2,BLITTA | AGBANDI,1.1335716666666664,8.230938333333334
_mview_finance_etablissements_banque.fid-7b1c8a4a_1943cbfe119_-4428,Centrale,Blitta,Blitta 1,Pagala-Gare,PAGALA zongo,Micro Finance URCLEC de Pagala Gare,Micro-Finance,En activité,True,BLITTA,BLITTA 1,BLITTA | PAGALA-GARE,0.9652233333333337,8.1837
_mview_finance_etablissements_banque.fid-7b1c8a4a_1943cbfe119_-4427,Centrale,Blitta,Blitta 1,Pagala-Gare,Lonaba,UCMEF de Pagala Gare,Micro-Finance,En activité,True,BLITTA,BLITTA 1,BLITTA | PAGALA-GARE,0.9714516666666663,8.180305000000002
_mview_finance_etablissements_banque.fid-7b1c8a4a_1943cbfe119_-4426,Centrale,Sotouboua,Sotouboua 1,Sotouboua,Sondè,SPT Sotouboua,Banque,En activité,True,SOTOUBOUA,SOTOUBOUA 1,SOTOUBOUA | SOTOUBOUA,0.9775760085394088,8.5643739673124
_mview_finance_etablissements_banque.fid-7b1c8a4a_1943cbfe119_-4425,Grand Lomé,Golfe,Golfe 1,Bè-Est,BE APEYEYEME,BIA Togo de Be Apeyeyeme,Banque,Non renseigné,False,GOLFE,GOLFE 1,GOLFE | BE-EST,1.240335,6.140953333333332
_mview_finance_etablissements_banque.fid-7b1c8a4a_1943cbfe119_-4424,Centrale,Sotouboua,Sotouboua 2,Adjengré,Zongo,SPT ADjengre,Banque,En activité,True,SOTOUBOUA,SOTOUBOUA 2,SOTOUBOUA | ADJENGRE,1.0190543511292038,8.659358968302604
_mview_finance_etablissements_banque.fid-7b1c8a4a_1943cbfe119_-4423,Centrale,Tchamba,Tchamba 1,Tchamba,TCHAMBA,Finance-centralespt-tchamba,Micro-Finance,En activité,True,TCHAMBA,TCHAMBA 1,TCHAMBA | TCHAMBA,1.41776,9.020614999999998
_mview_finance_etablissements_banque.fid-7b1c8a4a_1943cbfe119_-4422,Centrale,Tchamba,Tchamba 3,Kaboli,GUINIGUI,Finance Centrale Spt-kaboli,Micro-Finance,En activité,True,TCHAMBA,TCHAMBA 3,TCHAMBA | KABOLI,1.5959683333333334,8.748108333333333
_mview_finance_etablissements_banque.fid-7b1c8a4a_1943cbfe119_-4421,Centrale,Blitta,Blitta 1,Blitta,BLITTA GARE,STP Blitta,Banque,En activité,True,BLITTA,BLITTA 1,BLITTA | BLITTA,0.9782261175862939,8.32468879147974
_mview_finance_etablissements_banque.fid-7b1c8a4a_1943cbfe119_-4420,Grand Lomé,Agoè-Nyivé,Agoè-Nyivé 6,Adétikopé,ADETICOPE,FUCEC Togo Adétikopé,Micro-Finance,Non renseigné,False,AGOE-NYIVE,AGOE-NYIVE 6,AGOE-NYIVE | ADETIKOPE,1.2184175481834236,6.320862661814265
_mview_finance_etablissements_banque.fid-7b1c8a4a_1943cbfe119_-441f,Grand Lomé,Agoè-Nyivé,Agoè-Nyivé 6,Adétikopé,ADETIKOPE,La Mutuelle Dignite Humaine,Micro-Finance,En activité,True,AGOE-NYIVE,AGOE-NYIVE 6,AGOE-NYIVE | ADETIKOPE,1.222168333333333,6.315060000000002
_mview_finance_etablissements_banque.fid-7b1c8a4a_1943cbfe119_-441e,Grand Lomé,Agoè-Nyivé,Agoè-Nyivé 6,Adétikopé,ADETIKOPE,CECAV Fraternite Adeticope,Micro-Finance,En activité,True,AGOE-NYIVE,AGOE-NYIVE 6,AGOE-NYIVE | ADETIKOPE,1.2179356009455375,6.318307536869714
_mview_finance_etablissements_banque.fid-7b1c8a4a_1943cbfe119_-441d,Grand Lomé,Agoè-Nyivé,Agoè-Nyivé 6,Adétikopé,ADETIKOPE,Mutuelle Akwaba Adetikope,Micro-Finance,En activité,True,AGOE-NYIVE,AGOE-NYIVE 6,AGOE-NYIVE | ADETIKOPE,1.2193,6.320983333333334
_mview_finance_etablissements_banque.fid-7b1c8a4a_1943cbfe119_-441c,Grand Lomé,Agoè-Nyivé,Agoè-Nyivé 1,Agoè-Nyivé,Assiyéyé,Mutuelle Digitale Humaine Agoè Assiyéué,Micro-Finance,En activité,True,AGOE-NYIVE,AGOE-NYIVE 1,AGOE-NYIVE | AGOE-NYIVE,1.1967199999999998,6.233856666666666
_mview_finance_etablissements_banque.fid-7b1c8a4a_1943cbfe119_-441b,Grand Lomé,Agoè-Nyivé,Agoè-Nyivé 1,Agoè-Nyivé,LEGBASSITO,CEF-MF Legbassito,Micro-Finance,En activité,True,AGOE-NYIVE,AGOE-NYIVE 1,AGOE-NYIVE | AGOE-NYIVE,1.167679999999999,6.256730000000002
_mview_finance_etablissements_banque.fid-7b1c8a4a_1943cbfe119_-441a,Grand Lomé,Agoè-Nyivé,Agoè-Nyivé 1,Agoè-Nyivé,AGOE ASSIYEYE,ORABANK Assiyeye,Banque,En activité,True,AGOE-NYIVE,AGOE-NYIVE 1,AGOE-NYIVE | AGOE-NYIVE,1.1972415814054413,6.232927573115106
_mview_finance_etablissements_banque.fid-7b1c8a4a_1943cbfe119_-4419,Grand Lomé,Agoè-Nyivé,Agoè-Nyivé 1,Agoè-Nyivé,AGOE ASSIYEYE,WAGES Agoe,Micro-Finance,En activité,True,AGOE-NYIVE,AGOE-NYIVE 1,AGOE-NYIVE | AGOE-NYIVE,1.1987100000000002,6.231383333333335
_mview_finance_etablissements_banque.fid-7b1c8a4a_1943cbfe119_-4418,Grand Lomé,Golfe,Golfe 1,Bè-Est,LOME PORT,SGT Lomé Port,Banque,En activité,True,GOLFE,GOLFE 1,GOLFE | BE-EST,1.27442064514978,6.143232572355724
_mview_finance_etablissements_banque.fid-7b1c8a4a_1943cbfe119_-4417,Grand Lomé,Agoè-Nyivé,Agoè-Nyivé 1,Agoè-Nyivé,AGOE SOGBOSSITO,COOPEC la Grâce Divine,Micro-Finance,En activité,True,AGOE-NYIVE,AGOE-NYIVE 1,AGOE-NYIVE | AGOE-NYIVE,1.1756911188695065,6.2571894804405845
_mview_finance_etablissements_banque.fid-7b1c8a4a_1943cbfe119_-4416,Grand Lomé,Agoè-Nyivé,Agoè-Nyivé 1,Agoè-Nyivé,Agoe Assiyeye,CECAV Yayra Agoe,Micro-Finance,En activité,True,AGOE-NYIVE,AGOE-NYIVE 1,AGOE-NYIVE | AGOE-NYIVE,1.1958578884997517,6.234360589748889
_mview_finance_etablissements_banque.fid-7b1c8a4a_1943cbfe119_-4415,Grand Lomé,Agoè-Nyivé,Agoè-Nyivé 1,Agoè-Nyivé,AGOE ASSIYEYE,URCLEC Agoè Assiyéyé,Micro-Finance,En activité,True,AGOE-NYIVE,AGOE-NYIVE 1,AGOE-NYIVE | AGOE-NYIVE,1.198771666666666,6.230906666666669
_mview_finance_etablissements_banque.fid-7b1c8a4a_1943cbfe119_-4414,Grand Lomé,Golfe,Golfe 6,Baguida,Luxolin,Banque Altantique Luxolin,Banque,En activité,True,GOLFE,GOLFE 6,GOLFE | BAGUIDA,1.3158102189914611,6.161233870428658
_mview_finance_etablissements_banque.fid-7b1c8a4a_1943cbfe119_-4413,Grand Lomé,Golfe,Golfe 4,Amoutivé,DECKON,LMF le Pavillon,Micro-Finance,Non renseigné,False,GOLFE,GOLFE 4,GOLFE | AMOUTIVE,1.22862364676609,6.137680684468465
_mview_finance_etablissements_banque.fid-7b1c8a4a_1943cbfe119_-4412,Grand Lomé,Golfe,Golfe 6,Baguida,BAGUIDA,WAGES Baguida,Micro-Finance,En activité,True,GOLFE,GOLFE 6,GOLFE | BAGUIDA,1.3282733333333334,6.1662366666666655
_mview_finance_etablissements_banque.fid-7b1c8a4a_1943cbfe119_-4411,Grand Lomé,Golfe,Golfe 5,Aflao-Gakli,ADIDOGOME MADIBA,CORIS Bank ADidogome Madiba,Banque,En activité,True,GOLFE,GOLFE 5,GOLFE | AFLAO-GAKLI,1.1513587700659638,6.197987679351148
_mview_finance_etablissements_banque.fid-7b1c8a4a_1943cbfe119_-4410,Grand Lomé,Golfe,Golfe 7,Aflao-Sagbado,ADIDOGOME,Microfinance COECEB Adidogome Assiyeye,Micro-Finance,En activité,True,GOLFE,GOLFE 7,GOLFE | AFLAO-SAGBADO,1.1460301112439952,6.197518845535679
_mview_finance_etablissements_banque.fid-7b1c8a4a_1943cbfe119_-440f,Grand Lomé,Golfe,Golfe 7,Aflao-Sagbado,ADIDOGOME,Microfinance COOP ICEC,Micro-Finance,Non renseigné,False,GOLFE,GOLFE 7,GOLFE | AFLAO-SAGBADO,1.1449674215718737,6.198527684220908
_mview_finance_etablissements_banque.fid-7b1c8a4a_1943cbfe119_-440e,Grand Lomé,Golfe,Golfe 6,Baguida,AVEPOZO,SPT Avepozo,Banque,En activité,True,GOLFE,GOLFE 6,GOLFE | BAGUIDA,1.3447015257107187,6.169299674041963
_mview_finance_etablissements_banque.fid-7b1c8a4a_1943cbfe119_-440d,Grand Lomé,Golfe,Golfe 7,Aflao-Sagbado,APEDOKOE,Microfinance Millenium Apedokoe,Micro-Finance,En activité,True,GOLFE,GOLFE 7,GOLFE | AFLAO-SAGBADO,1.1439749999999995,6.203886666666669
_mview_finance_etablissements_banque.fid-7b1c8a4a_1943cbfe119_-440c,Grand Lomé,Golfe,Golfe 7,Aflao-Sagbado,WOGNOME,Microfinance Echoppe Togo Wonye,Micro-Finance,En activité,True,GOLFE,GOLFE 7,GOLFE | AFLAO-SAGBADO,1.1478466666666665,6.191235000000001
_mview_finance_etablissements_banque.fid-7b1c8a4a_1943cbfe119_-440b,Grand Lomé,Golfe,Golfe 4,Amoutivé,DECKON,BOA Dekon,Banque,Non renseigné,False,GOLFE,GOLFE 4,GOLFE | AMOUTIVE,1.2268605396590395,6.136367321450171
_mview_finance_etablissements_banque.fid-7b1c8a4a_1943cbfe119_-440a,Grand Lomé,Agoè-Nyivé,Agoè-Nyivé 1,Agoè-Nyivé,ADIDO-ADIN,CORIS Bank ADIDO-ADIN,Banque,Non renseigné,False,AGOE-NYIVE,AGOE-NYIVE 1,AGOE-NYIVE | AGOE-NYIVE,1.1894887451533154,6.209047659605975
_mview_finance_etablissements_banque.fid-7b1c8a4a_1943cbfe119_-4409,Grand Lomé,Golfe,Golfe 5,Aflao-Gakli,AGBALEPEDOGAN,IB Bank Agbalépédogan,Banque,En activité,True,GOLFE,GOLFE 5,GOLFE | AFLAO-GAKLI,1.2008404516935074,6.197587713632931
_mview_finance_etablissements_banque.fid-7b1c8a4a_1943cbfe119_-4408,Grand Lomé,Golfe,Golfe 3,Bè-Ouest,AGBALEPEDOGAN,NSIA Banque Agbalepedogan,Banque,En activité,True,GOLFE,GOLFE 3,GOLFE | BE-OUEST,1.2075839,6.188443499999999
_mview_finance_etablissements_banque.fid-7b1c8a4a_1943cbfe119_-4407,Grand Lomé,Golfe,Golfe 3,Bè-Ouest,GTA,GTA Assurance,Assurance,En activité,True,GOLFE,GOLFE 3,GOLFE | BE-OUEST,1.2091357482495653,6.191123249293486
_mview_finance_etablissements_banque.fid-7b1c8a4a_1943cbfe119_-4406,Grand Lomé,Golfe,Golfe 5,Aflao-Gakli,AVEDJI,COECEPT Avédji,Micro-Finance,En activité,True,GOLFE,GOLFE 5,GOLFE | AFLAO-GAKLI,1.1726286999999995,6.1931832
_mview_finance_etablissements_banque.fid-7b1c8a4a_1943cbfe119_-4405,Grand Lomé,Golfe,Golfe 5,Aflao-Gakli,AGBALEPEDOGAN,COOPEC AD Agbalépédogan,Micro-Finance,En activité,True,GOLFE,GOLFE 5,GOLFE | AFLAO-GAKLI,1.1926177999999996,6.195376700000001
_mview_finance_etablissements_banque.fid-7b1c8a4a_1943cbfe119_-4404,Grand Lomé,Golfe,Golfe 1,Bè-Est,N/a,BIA Togo Akodessewa,Banque,En activité,True,GOLFE,GOLFE 1,GOLFE | BE-EST,1.2671495496505338,6.1554281268825015
_mview_finance_etablissements_banque.fid-7b1c8a4a_1943cbfe119_-4403,Grand Lomé,Golfe,Golfe 6,Baguida,AVEPOZO,CECAV Fraternité,Micro-Finance,En activité,True,GOLFE,GOLFE 6,GOLFE | BAGUIDA,1.3490751938088497,6.170911213820332
_mview_finance_etablissements_banque.fid-7b1c8a4a_1943cbfe119_-4402,Grand Lomé,Golfe,Golfe 1,Bè-Est,N/a,COOPEC AD,Micro-Finance,En activité,True,GOLFE,GOLFE 1,GOLFE | BE-EST,1.2715866666666666,6.165543333333335
_mview_finance_etablissements_banque.fid-7b1c8a4a_1943cbfe119_-4401,Grand Lomé,Golfe,Golfe 1,Bè-Est,KANYIKOPE,COCEC de Kanyikope,Micro-Finance,En activité,True,GOLFE,GOLFE 1,GOLFE | BE-EST,1.296562052580254,6.167922215436336
_mview_finance_etablissements_banque.fid-7b1c8a4a_1943cbfe119_-4400,Grand Lomé,Golfe,Golfe 2,Bè-Centre,ATTIEGOUVI,MECI d'attiegou,Micro-Finance,En activité,True,GOLFE,GOLFE 2,GOLFE | BE-CENTRE,1.2710487271684414,6.187670142378855
_mview_finance_etablissements_banque.fid-7b1c8a4a_1943cbfe119_-43ff,Grand Lomé,Golfe,Golfe 1,Bè-Est,ADAKPAME,WAGES d'adakpame,Micro-Finance,En activité,True,GOLFE,GOLFE 1,GOLFE | BE-EST,1.289845023649574,6.170179306226796
_mview_finance_etablissements_banque.fid-7b1c8a4a_1943cbfe119_-43fe,Grand Lomé,Agoè-Nyivé,Agoè-Nyivé 1,Agoè-Nyivé,ADIDOADIN,Mutual Finance,Micro-Finance,En activité,True,AGOE-NYIVE,AGOE-NYIVE 1,AGOE-NYIVE | AGOE-NYIVE,1.1881831721361695,6.211845685973874
_mview_finance_etablissements_banque.fid-7b1c8a4a_1943cbfe119_-43fd,Grand Lomé,Golfe,Golfe 5,Aflao-Gakli,Avedji,WAGES Avedji,Micro-Finance,En activité,True,GOLFE,GOLFE 5,GOLFE | AFLAO-GAKLI,1.1810367065458547,6.201059956400363
_mview_finance_etablissements_banque.fid-7b1c8a4a_1943cbfe119_-43fc,Grand Lomé,Golfe,Golfe 3,Bè-Ouest,Agbanlépédogan,Prudential Beneficial Life Insurance,Assurance,En activité,True,GOLFE,GOLFE 3,GOLFE | BE-OUEST,1.208490520384514,6.192360974830099
_mview_finance_etablissements_banque.fid-7b1c8a4a_1943cbfe119_-43fb,Grand Lomé,Golfe,Golfe 1,Bè-Est,AKODESSEWA,SUNU Assurance Akodessewa,Assurance,En activité,True,GOLFE,GOLFE 1,GOLFE | BE-EST,1.2410017754128015,6.140935731347781
_mview_finance_etablissements_banque.fid-7b1c8a4a_1943cbfe119_-43fa,Grand Lomé,Golfe,Golfe 1,Bè-Est,AKODESSEWA,CORIS Bank d'Akodessewa,Banque,En activité,True,GOLFE,GOLFE 1,GOLFE | BE-EST,1.2842216666666664,6.158920000000001
_mview_finance_etablissements_banque.fid-7b1c8a4a_1943cbfe119_-43f9,Grand Lomé,Golfe,Golfe 1,Bè-Est,AKODESSEWA,CECAV Akodessewa,Micro-Finance,En activité,True,GOLFE,GOLFE 1,GOLFE | BE-EST,1.2673616666666667,6.152386666666667
_mview_finance_etablissements_banque.fid-7b1c8a4a_1943cbfe119_-43f8,Grand Lomé,Golfe,Golfe 1,Bè-Est,LOME PORT,ORABANK du Port,Banque,En activité,True,GOLFE,GOLFE 1,GOLFE | BE-EST,1.26661,6.139035000000001
_mview_finance_etablissements_banque.fid-7b1c8a4a_1943cbfe119_-43f7,Grand Lomé,Golfe,Golfe 6,Baguida,ADAMAVO,COCEC Baguida,Micro-Finance,En activité,True,GOLFE,GOLFE 6,GOLFE | BAGUIDA,1.3136411638919152,6.171486047129651
_mview_finance_etablissements_banque.fid-7b1c8a4a_1943cbfe119_-43f6,Grand Lomé,Golfe,Golfe 6,Baguida,Adamavo,COOPEC La Fructueuse Adamavo,Micro-Finance,En activité,True,GOLFE,GOLFE 6,GOLFE | BAGUIDA,1.3065666666666669,6.169595
_mview_finance_etablissements_banque.fid-7b1c8a4a_1943cbfe119_-43f5,Grand Lomé,Golfe,Golfe 1,Bè-Est,ZOROBAR,Coda Zorobar,Micro-Finance,En activité,True,GOLFE,GOLFE 1,GOLFE | BE-EST,1.2849031,6.1644953000000005
_mview_finance_etablissements_banque.fid-7b1c8a4a_1943cbfe119_-43f4,Grand Lomé,Golfe,Golfe 1,Bè-Est,Attiegouvi,COOPEC la Fructueuse,Micro-Finance,En activité,True,GOLFE,GOLFE 1,GOLFE | BE-EST,1.2667802999999993,6.165166
_mview_finance_etablissements_banque.fid-7b1c8a4a_1943cbfe119_-43f3,Grand Lomé,Golfe,Golfe 1,Bè-Est,Akodessewa,SPT Akodessewa,Banque,En activité,True,GOLFE,GOLFE 1,GOLFE | BE-EST,1.2672350000000001,6.151555
_mview_finance_etablissements_banque.fid-7b1c8a4a_1943cbfe119_-43f2,Grand Lomé,Golfe,Golfe 1,Bè-Est,Zone portuaire,BSIC Lomé Port,Banque,En activité,True,GOLFE,GOLFE 1,GOLFE | BE-EST,1.2766162,6.143397599999999
_mview_finance_etablissements_banque.fid-7b1c8a4a_1943cbfe119_-43f1,Grand Lomé,Golfe,Golfe 6,Baguida,BAGUIDA,COFEC Baguida,Micro-Finance,En activité,True,GOLFE,GOLFE 6,GOLFE | BAGUIDA,1.3326791532536422,6.168959038121278
_mview_finance_etablissements_banque.fid-7b1c8a4a_1943cbfe119_-43f0,Grand Lomé,Golfe,Golfe 6,Baguida,BAGUIDA,ORABANK Baguida,Banque,En activité,True,GOLFE,GOLFE 6,GOLFE | BAGUIDA,1.3285360279046412,6.164517051498921
_mview_finance_etablissements_banque.fid-7b1c8a4a_1943cbfe119_-43ef,Grand Lomé,Golfe,Golfe 6,Baguida,AVEPOZO,CORIS Bank Avepozo,Banque,En activité,True,GOLFE,GOLFE 6,GOLFE | BAGUIDA,1.3405748319468105,6.168183989263163
_mview_finance_etablissements_banque.fid-7b1c8a4a_1943cbfe119_-43ee,Grand Lomé,Golfe,Golfe 4,Amoutivé,ASSIVITO,ECOBANK Assivito,Banque,Non renseigné,False,GOLFE,GOLFE 4,GOLFE | AMOUTIVE,1.2215162673872737,6.129216922087024
_mview_finance_etablissements_banque.fid-7b1c8a4a_1943cbfe119_-43ed,Grand Lomé,Golfe,Golfe 6,Baguida,AVEPOZO,COOPECfi Avepozo,Micro-Finance,En activité,True,GOLFE,GOLFE 6,GOLFE | BAGUIDA,1.337521852719781,6.167714252132774
_mview_finance_etablissements_banque.fid-7b1c8a4a_1943cbfe119_-43ec,Grand Lomé,Agoè-Nyivé,Agoè-Nyivé 4,Togblekope,Terminal du Sahel,ORABANK Agence Terminal du Sahel,Banque,En construction / inachevé,False,AGOE-NYIVE,AGOE-NYIVE 4,AGOE-NYIVE | TOGBLEKOPE,1.2100816666666663,6.268985
_mview_finance_etablissements_banque.fid-7b1c8a4a_1943cbfe119_-43eb,Grand Lomé,Golfe,Golfe 1,Bè-Est,AKODESSEWA,ECOBANK Akodessewa,Banque,En activité,True,GOLFE,GOLFE 1,GOLFE | BE-EST,1.2657799927264453,6.153124920152232
_mview_finance_etablissements_banque.fid-7b1c8a4a_1943cbfe119_-43ea,Grand Lomé,Golfe,Golfe 1,Bè-Est,AKODESSEWA,ORABANK Port,Banque,En activité,True,GOLFE,GOLFE 1,GOLFE | BE-EST,1.2744033333333329,6.143516666666668
_mview_finance_etablissements_banque.fid-7b1c8a4a_1943cbfe119_-43e9,Grand Lomé,Golfe,Golfe 1,Bè-Est,LOME PORT,BOA Lomé Port,Banque,En activité,True,GOLFE,GOLFE 1,GOLFE | BE-EST,1.2745149007793795,6.142972113871874
_mview_finance_etablissements_banque.fid-7b1c8a4a_1943cbfe119_-43e8,Grand Lomé,Golfe,Golfe 1,Bè-Est,LOME PORT,ECOBANK Rond Point Port,Banque,En activité,True,GOLFE,GOLFE 1,GOLFE | BE-EST,1.2745258948325309,6.142863032694351
_mview_finance_etablissements_banque.fid-7b1c8a4a_1943cbfe119_-43e7,Grand Lomé,Agoè-Nyivé,Agoè-Nyivé 1,Agoè-Nyivé,Assiyeye,COOPECfI Assiyeye,Micro-Finance,En activité,True,AGOE-NYIVE,AGOE-NYIVE 1,AGOE-NYIVE | AGOE-NYIVE,1.1975528269774174,6.225889556983486
_mview_finance_etablissements_banque.fid-7b1c8a4a_1943cbfe119_-43e6,Grand Lomé,Golfe,Golfe 7,Aflao-Sagbado,YOKOE,Microfinance FIDES -Togo Yokoe,Micro-Finance,En activité,True,GOLFE,GOLFE 7,GOLFE | AFLAO-SAGBADO,1.1437457281785857,6.180241237402258
_mview_finance_etablissements_banque.fid-7b1c8a4a_1943cbfe119_-43e5,Grand Lomé,Golfe,Golfe 1,Bè-Est,BE,FUCEC Togo Bè,Micro-Finance,En activité,True,GOLFE,GOLFE 1,GOLFE | BE-EST,1.2426933333333334,6.142240000000001
_mview_finance_etablissements_banque.fid-7b1c8a4a_1943cbfe119_-43e4,Grand Lomé,Golfe,Golfe 1,Bè-Est,AKODESSEWA,GTA Assurance Akodésséwa,Assurance,En activité,True,GOLFE,GOLFE 1,GOLFE | BE-EST,1.2715166666666669,6.1503916666666685
_mview_finance_etablissements_banque.fid-7b1c8a4a_1943cbfe119_-43e3,Grand Lomé,Golfe,Golfe 1,Bè-Est,ROND POINT PORT,UTB Lomé Port,Banque,En activité,True,GOLFE,GOLFE 1,GOLFE | BE-EST,1.2747953293072487,6.143576541821805
_mview_finance_etablissements_banque.fid-7b1c8a4a_1943cbfe119_-43e2,Grand Lomé,Golfe,Golfe 1,Bè-Est,POSTE LOME PORT,SPT Lomé Port,Banque,En activité,True,GOLFE,GOLFE 1,GOLFE | BE-EST,1.2755516563489213,6.1441004973871145
_mview_finance_etablissements_banque.fid-7b1c8a4a_1943cbfe119_-43e1,Grand Lomé,Golfe,Golfe 1,Bè-Est,LOME PORT,COOPEC Maturite TP3,Micro-Finance,En activité,True,GOLFE,GOLFE 1,GOLFE | BE-EST,1.2886833598005274,6.160222628839682
_mview_finance_etablissements_banque.fid-7b1c8a4a_1943cbfe119_-43e0,Grand Lomé,Golfe,Golfe 1,Bè-Est,LOME PORT,BTCI Lomé Port,Banque,En activité,True,GOLFE,GOLFE 1,GOLFE | BE-EST,1.2757155916040237,6.143110371857142
_mview_finance_etablissements_banque.fid-7b1c8a4a_1943cbfe119_-43df,Grand Lomé,Agoè-Nyivé,Agoè-Nyivé 2,Légbassito,AHOUNKPOE,COOPEC AD Agence de Legbassito,Micro-Finance,En activité,True,AGOE-NYIVE,AGOE-NYIVE 2,AGOE-NYIVE | LEGBASSITO,1.1522400000000004,6.268031666666668
_mview_finance_etablissements_banque.fid-7b1c8a4a_1943cbfe119_-43de,Grand Lomé,Agoè-Nyivé,Agoè-Nyivé 2,Légbassito,AHOUNKPOE,WAGES Agence de Legbassito,Micro-Finance,En activité,True,AGOE-NYIVE,AGOE-NYIVE 2,AGOE-NYIVE | LEGBASSITO,1.1519700000000002,6.266851666666668
_mview_finance_etablissements_banque.fid-7b1c8a4a_1943cbfe119_-43dd,Grand Lomé,Golfe,Golfe 3,Bè-Ouest,GTA,Banque Atlantique Agence Agbalepedogan,Banque,Non renseigné,False,GOLFE,GOLFE 3,GOLFE | BE-OUEST,1.2082627695815624,6.19134802346902
_mview_finance_etablissements_banque.fid-7b1c8a4a_1943cbfe119_-43dc,Grand Lomé,Agoè-Nyivé,Agoè-Nyivé 2,Légbassito,Legbassimé,FUCEC Togo Agence de Legbassito,Micro-Finance,En activité,True,AGOE-NYIVE,AGOE-NYIVE 2,AGOE-NYIVE | LEGBASSITO,1.151315,6.267165
_mview_finance_etablissements_banque.fid-7b1c8a4a_1943cbfe119_-43db,Grand Lomé,Agoè-Nyivé,Agoè-Nyivé 2,Légbassito,Zossimé,ASJD Agence de Zossime,Micro-Finance,En activité,True,AGOE-NYIVE,AGOE-NYIVE 2,AGOE-NYIVE | LEGBASSITO,1.1510696396471616,6.233140131385709
_mview_finance_etablissements_banque.fid-7b1c8a4a_1943cbfe119_-43da,Grand Lomé,Golfe,Golfe 6,Baguida,BAGUIDA,BOA Baguida,Banque,En activité,True,GOLFE,GOLFE 6,GOLFE | BAGUIDA,1.320587953967112,6.162544292554736
_mview_finance_etablissements_banque.fid-7b1c8a4a_1943cbfe119_-43d9,Grand Lomé,Golfe,Golfe 6,Baguida,BAGUIDA,NSIA Baguida,Banque,En activité,True,GOLFE,GOLFE 6,GOLFE | BAGUIDA,1.334903160420629,6.166494457546458
_mview_finance_etablissements_banque.fid-7b1c8a4a_1943cbfe119_-43d8,Grand Lomé,Golfe,Golfe 6,Baguida,BAGUIDA,BIA Togo Baguida,Banque,En activité,True,GOLFE,GOLFE 6,GOLFE | BAGUIDA,1.3156363022844992,6.161217522821812
_mview_finance_etablissements_banque.fid-7b1c8a4a_1943cbfe119_-43d7,Grand Lomé,Golfe,Golfe 6,Baguida,BAGUIDA,FUCEC Togo Baguida,Micro-Finance,En activité,True,GOLFE,GOLFE 6,GOLFE | BAGUIDA,1.34466333419383,6.169838277997084
_mview_finance_etablissements_banque.fid-7b1c8a4a_1943cbfe119_-43d6,Grand Lomé,Golfe,Golfe 6,Baguida,BAGUIDA,Sanlam Baguida,Assurance,En activité,True,GOLFE,GOLFE 6,GOLFE | BAGUIDA,1.3397850000000002,6.168284999999999
_mview_finance_etablissements_banque.fid-7b1c8a4a_1943cbfe119_-43d5,Grand Lomé,Golfe,Golfe 2,Bè-Centre,AEROPORT DE LOME,SPT Aeroport International Gnassingbe Eyadema,Banque,En activité,True,GOLFE,GOLFE 2,GOLFE | BE-CENTRE,1.2522538999999993,6.174271400000001
_mview_finance_etablissements_banque.fid-7b1c8a4a_1943cbfe119_-43d4,Grand Lomé,Golfe,Golfe 2,Bè-Centre,AEROPORT DE LOME,ECOBANK Aerogare,Banque,En activité,True,GOLFE,GOLFE 2,GOLFE | BE-CENTRE,1.252095291758954,6.174150719816597
_mview_finance_etablissements_banque.fid-7b1c8a4a_1943cbfe119_-43d3,Grand Lomé,Golfe,Golfe 2,Bè-Centre,AEROPORT DE LOME,NSIA Banque Aeroport International Gnassingbe Eyadema,Banque,Non renseigné,False,GOLFE,GOLFE 2,GOLFE | BE-CENTRE,1.2529785166790974,6.170669881612013
_mview_finance_etablissements_banque.fid-7b1c8a4a_1943cbfe119_-43d2,Grand Lomé,Golfe,Golfe 2,Bè-Centre,AÉROPORT international,ORABANK Aéroport,Banque,En activité,True,GOLFE,GOLFE 2,GOLFE | BE-CENTRE,1.2531106999999995,6.170732600000001
_mview_finance_etablissements_banque.fid-7b1c8a4a_1943cbfe119_-43d1,Grand Lomé,Golfe,Golfe 2,Bè-Centre,AÉROPORT,SPT de L 'aeroport International Gnassingbe Eyadema,Banque,Non renseigné,False,GOLFE,GOLFE 2,GOLFE | BE-CENTRE,1.2515283333333331,6.168221666666668
_mview_finance_etablissements_banque.fid-7b1c8a4a_1943cbfe119_-43d0,Grand Lomé,Golfe,Golfe 1,Bè-Est,N/a,FINAM,Micro-Finance,Fermé / abandonné,False,GOLFE,GOLFE 1,GOLFE | BE-EST,1.2445354856688033,6.143833248529891
_mview_finance_etablissements_banque.fid-7b1c8a4a_1943cbfe119_-43cf,Grand Lomé,Golfe,Golfe 3,Bè-Ouest,AGBALEPEDO,MECIT Agbalépédo,Micro-Finance,En activité,True,GOLFE,GOLFE 3,GOLFE | BE-OUEST,1.2084000000000004,6.195708333333332
_mview_finance_etablissements_banque.fid-7b1c8a4a_1943cbfe119_-43ce,Grand Lomé,Golfe,Golfe 1,Bè-Est,AKODESSEWA,Institution de Microfinance,Micro-Finance,En activité,True,GOLFE,GOLFE 1,GOLFE | BE-EST,1.2688716666666666,6.154298333333332
_mview_finance_etablissements_banque.fid-7b1c8a4a_1943cbfe119_-43cd,Grand Lomé,Golfe,Golfe 1,Bè-Est,BE KPEHENOU,UTB Be Kpehenou,Banque,En activité,True,GOLFE,GOLFE 1,GOLFE | BE-EST,1.2367188400601268,6.138376818007044
_mview_finance_etablissements_banque.fid-7b1c8a4a_1943cbfe119_-43cc,Grand Lomé,Golfe,Golfe 7,Aflao-Sagbado,ATILAMONOU,Agence de Transfert Fintech Atilamonou,Micro-Finance,En activité,True,GOLFE,GOLFE 7,GOLFE | AFLAO-SAGBADO,1.1282929798098644,6.217434534859058
_mview_finance_etablissements_banque.fid-7b1c8a4a_1943cbfe119_-43cb,Grand Lomé,Golfe,Golfe 7,Aflao-Sagbado,SEGBE,Microfinance COECEB Segbe,Micro-Finance,En construction / inachevé,False,GOLFE,GOLFE 7,GOLFE | AFLAO-SAGBADO,1.112381983876608,6.1945578812987305
_mview_finance_etablissements_banque.fid-7b1c8a4a_1943cbfe119_-43ca,Grand Lomé,Golfe,Golfe 7,Aflao-Sagbado,SEGBE,Institution de Microfinance Coopad Segbe,Micro-Finance,En activité,True,GOLFE,GOLFE 7,GOLFE | AFLAO-SAGBADO,1.1041383333333334,6.199564999999999
_mview_finance_etablissements_banque.fid-7b1c8a4a_1943cbfe119_-43c9,Grand Lomé,Golfe,Golfe 5,Aflao-Gakli,ADIDOGOME,BOA ADidogome,Banque,En activité,True,GOLFE,GOLFE 5,GOLFE | AFLAO-GAKLI,1.1651514078291656,6.185986552617569
_mview_finance_etablissements_banque.fid-7b1c8a4a_1943cbfe119_-43c8,Grand Lomé,Golfe,Golfe 5,Aflao-Gakli,AVENOU,SUNU Assurances Avenou,Assurance,En activité,True,GOLFE,GOLFE 5,GOLFE | AFLAO-GAKLI,1.184621826748101,6.173848230337873
_mview_finance_etablissements_banque.fid-7b1c8a4a_1943cbfe119_-43c7,Grand Lomé,Golfe,Golfe 3,Bè-Ouest,LOME 2,SPT de La Residence du Benin,Banque,En activité,True,GOLFE,GOLFE 3,GOLFE | BE-OUEST,1.2228534215735436,6.173301606161072
_mview_finance_etablissements_banque.fid-7b1c8a4a_1943cbfe119_-43c6,Grand Lomé,Golfe,Golfe 4,Amoutivé,NYEKONAKPOE,SUNU Assurances Vie,Assurance,En activité,True,GOLFE,GOLFE 4,GOLFE | AMOUTIVE,1.209842554583579,6.125075568694468
_mview_finance_etablissements_banque.fid-7b1c8a4a_1943cbfe119_-43c5,Grand Lomé,Golfe,Golfe 4,Amoutivé,ADOBOUKOME,La Protectrice S.A,Assurance,En activité,True,GOLFE,GOLFE 4,GOLFE | AMOUTIVE,1.2276989005765566,6.133603942926623
_mview_finance_etablissements_banque.fid-7b1c8a4a_1943cbfe119_-43c4,Grand Lomé,Golfe,Golfe 5,Aflao-Gakli,AVENUE DE LA CHANCE EN FACE DE LA LONATO,SGCAR Assurance,Assurance,En activité,True,GOLFE,GOLFE 5,GOLFE | AFLAO-GAKLI,1.2071527572647294,6.188986091570224
_mview_finance_etablissements_banque.fid-7b1c8a4a_1943cbfe119_-43c3,Grand Lomé,Golfe,Golfe 5,Aflao-Gakli,Amadahome,COOPEC Grace plus Amadahomé,Micro-Finance,En activité,True,GOLFE,GOLFE 5,GOLFE | AFLAO-GAKLI,1.1522296177821123,6.197206608017171
_mview_finance_etablissements_banque.fid-7b1c8a4a_1943cbfe119_-43c2,Grand Lomé,Golfe,Golfe 3,Bè-Ouest,BOULEVARD DE LA KARA,Afrik Assurance,Assurance,En activité,True,GOLFE,GOLFE 3,GOLFE | BE-OUEST,1.2214349999999998,6.1645650000000005
_mview_finance_etablissements_banque.fid-7b1c8a4a_1943cbfe119_-43c1,Grand Lomé,Golfe,Golfe 4,Amoutivé,ATTIKOUME,Lorica Assurance,Assurance,En activité,True,GOLFE,GOLFE 4,GOLFE | AMOUTIVE,1.2032099999999997,6.162918333333333
_mview_finance_etablissements_banque.fid-7b1c8a4a_1943cbfe119_-43c0,Grand Lomé,Golfe,Golfe 4,Amoutivé,NYEKONAKPOE,Careas Assurance,Assurance,En activité,True,GOLFE,GOLFE 4,GOLFE | AMOUTIVE,1.2112683333333336,6.129893333333335
_mview_finance_etablissements_banque.fid-7b1c8a4a_1943cbfe119_-43bf,Grand Lomé,Agoè-Nyivé,Agoè-Nyivé 1,Agoè-Nyivé,Avedji,Prunelle Assurance,Assurance,En activité,True,AGOE-NYIVE,AGOE-NYIVE 1,AGOE-NYIVE | AGOE-NYIVE,1.1822295888588907,6.20650397589629
_mview_finance_etablissements_banque.fid-7b1c8a4a_1943cbfe119_-43be,Grand Lomé,Golfe,Golfe 5,Aflao-Gakli,Amadahome,Assur Invest,Assurance,En activité,True,GOLFE,GOLFE 5,GOLFE | AFLAO-GAKLI,1.158949999999999,6.204565000000001
_mview_finance_etablissements_banque.fid-7b1c8a4a_1943cbfe119_-43bd,Grand Lomé,Golfe,Golfe 3,Bè-Ouest,Tokoin protestant,SOCAR Togo,Assurance,En activité,True,GOLFE,GOLFE 3,GOLFE | BE-OUEST,1.2048099999999995,6.1461533333333325
_mview_finance_etablissements_banque.fid-7b1c8a4a_1943cbfe119_-43bc,Grand Lomé,Agoè-Nyivé,Agoè-Nyivé 1,Agoè-Nyivé,Anonmé,ANOS,Assurance,En activité,True,AGOE-NYIVE,AGOE-NYIVE 1,AGOE-NYIVE | AGOE-NYIVE,1.1827816666666657,6.211316666666667
_mview_finance_etablissements_banque.fid-7b1c8a4a_1943cbfe119_-43bb,Grand Lomé,Golfe,Golfe 3,Bè-Ouest,TOKOIN RAMCO,Afrique Envergure Sarl,Assurance,En activité,True,GOLFE,GOLFE 3,GOLFE | BE-OUEST,1.2199581991481316,6.144976987522064
_mview_finance_etablissements_banque.fid-7b1c8a4a_1943cbfe119_-43ba,Grand Lomé,Golfe,Golfe 4,Amoutivé,DECKON,Saeco Assurances,Assurance,En activité,True,GOLFE,GOLFE 4,GOLFE | AMOUTIVE,1.2282249999999997,6.138470000000001
_mview_finance_etablissements_banque.fid-7b1c8a4a_1943cbfe119_-43b9,Grand Lomé,Agoè-Nyivé,Agoè-Nyivé 1,Agoè-Nyivé,SEPEREPE,Primus Courtier,Assurance,En activité,True,AGOE-NYIVE,AGOE-NYIVE 1,AGOE-NYIVE | AGOE-NYIVE,1.2009366666666668,6.244696666666666
_mview_finance_etablissements_banque.fid-7b1c8a4a_1943cbfe119_-43b8,Grand Lomé,Golfe,Golfe 4,Amoutivé,KODJOVIACOPE,Direction Nationale COOPEC-AD,Micro-Finance,En activité,True,GOLFE,GOLFE 4,GOLFE | AMOUTIVE,1.2033916666666664,6.119546666666667
_mview_finance_etablissements_banque.fid-7b1c8a4a_1943cbfe119_-43b7,Grand Lomé,Golfe,Golfe 1,Bè-Est,AKODESSEWA,NSIA Banque Akodessewa,Assurance,En activité,True,GOLFE,GOLFE 1,GOLFE | BE-EST,1.267414999999999,6.155995
_mview_finance_etablissements_banque.fid-7b1c8a4a_1943cbfe119_-43b6,Grand Lomé,Golfe,Golfe 3,Bè-Ouest,AGBALEPEDOGAN,Sanlam GTA,Assurance,En activité,True,GOLFE,GOLFE 3,GOLFE | BE-OUEST,1.2107797,6.1916811
_mview_finance_etablissements_banque.fid-7b1c8a4a_1943cbfe119_-43b5,Grand Lomé,Golfe,Golfe 3,Bè-Ouest,Atikoumè,CIF-Vie Togo S.A,Assurance,En activité,True,GOLFE,GOLFE 3,GOLFE | BE-OUEST,1.2029399806539445,6.167255284205092
_mview_finance_etablissements_banque.fid-7b1c8a4a_1943cbfe119_-43b4,Grand Lomé,Golfe,Golfe 3,Bè-Ouest,KLIKAMÈ,LC Assurance,Assurance,Non renseigné,False,GOLFE,GOLFE 3,GOLFE | BE-OUEST,1.2053931107341227,6.176976999701076
_mview_finance_etablissements_banque.fid-7b1c8a4a_1943cbfe119_-43b3,Grand Lomé,Golfe,Golfe 4,Amoutivé,DEKON,BTCI Dékon,Assurance,En construction / inachevé,False,GOLFE,GOLFE 4,GOLFE | AMOUTIVE,1.2257325214452939,6.136157197214607
_mview_finance_etablissements_banque.fid-7b1c8a4a_1943cbfe119_-43b2,Grand Lomé,Golfe,Golfe 3,Bè-Ouest,TOKOIN TAME,SIAR Assurance,Assurance,En activité,True,GOLFE,GOLFE 3,GOLFE | BE-OUEST,1.2233313905161691,6.168148072124631
_mview_finance_etablissements_banque.fid-7b1c8a4a_1943cbfe119_-43b1,Grand Lomé,Golfe,Golfe 3,Bè-Ouest,ADEWI,CAR.AF.E. Assurance,Assurance,En activité,True,GOLFE,GOLFE 3,GOLFE | BE-OUEST,1.2098214081143375,6.162325180486899
_mview_finance_etablissements_banque.fid-7b1c8a4a_1943cbfe119_-43b0,Grand Lomé,Golfe,Golfe 5,Aflao-Gakli,AGBALEPEDO,SCAT Assurance,Assurance,En activité,True,GOLFE,GOLFE 5,GOLFE | AFLAO-GAKLI,1.2001175582264891,6.184071108735669
_mview_finance_etablissements_banque.fid-7b1c8a4a_1943cbfe119_-43af,Grand Lomé,Golfe,Golfe 5,Aflao-Gakli,AVE MARIA,CCM Assurance Avé Maria,Assurance,En activité,True,GOLFE,GOLFE 5,GOLFE | AFLAO-GAKLI,1.183321513499177,6.175470574419579
_mview_finance_etablissements_banque.fid-7b1c8a4a_1943cbfe119_-43ae,Grand Lomé,Golfe,Golfe 4,Amoutivé,Kodjoviakopé,Bellis Courtage Assurance,Assurance,En activité,True,GOLFE,GOLFE 4,GOLFE | AMOUTIVE,1.2127519999999994,6.1358684
_mview_finance_etablissements_banque.fid-7b1c8a4a_1943cbfe119_-43ad,Grand Lomé,Golfe,Golfe 1,Bè-Est,MECI,MECI de Be Kpota,Micro-Finance,En activité,True,GOLFE,GOLFE 1,GOLFE | BE-EST,1.2641033333333327,6.160768333333334
_mview_finance_etablissements_banque.fid-7b1c8a4a_1943cbfe119_-43ac,Grand Lomé,Golfe,Golfe 4,Amoutivé,Hanoukopé,Gras Savoye,Assurance,En activité,True,GOLFE,GOLFE 4,GOLFE | AMOUTIVE,1.217001666666666,6.134925
_mview_finance_etablissements_banque.fid-7b1c8a4a_1943cbfe119_-43ab,Grand Lomé,Golfe,Golfe 3,Bè-Ouest,NIKONAKPOE,ASCOMA,Assurance,En activité,True,GOLFE,GOLFE 3,GOLFE | BE-OUEST,1.2020733333333333,6.149055
_mview_finance_etablissements_banque.fid-7b1c8a4a_1943cbfe119_-43aa,Grand Lomé,Golfe,Golfe 1,Bè-Est,AKODESSEWA,ARIA-Togo Akodessewa,Assurance,En activité,True,GOLFE,GOLFE 1,GOLFE | BE-EST,1.2652766666666664,6.153990000000002
_mview_finance_etablissements_banque.fid-7b1c8a4a_1943cbfe119_-43a9,Grand Lomé,Golfe,Golfe 1,Bè-Est,BE PA DESUZA,OLEA-Togo,Assurance,En activité,True,GOLFE,GOLFE 1,GOLFE | BE-EST,1.2487166666666665,6.133033333333334
_mview_finance_etablissements_banque.fid-7b1c8a4a_1943cbfe119_-43a8,Grand Lomé,Golfe,Golfe 5,Aflao-Gakli,AVE MARIA,NSIA Assurance Avé Maria,Banque,En activité,True,GOLFE,GOLFE 5,GOLFE | AFLAO-GAKLI,1.1859034176359768,6.173244622853102
_mview_finance_etablissements_banque.fid-7b1c8a4a_1943cbfe119_-43a7,Grand Lomé,Golfe,Golfe 3,Bè-Ouest,TOKOIN WUITI,Societe Generale Internationale de Courtage (sgic Sarl),Assurance,En activité,True,GOLFE,GOLFE 3,GOLFE | BE-OUEST,1.2344707453584518,6.1684839635729185
_mview_finance_etablissements_banque.fid-7b1c8a4a_1943cbfe119_-43a6,Grand Lomé,Golfe,Golfe 5,Aflao-Gakli,ADIDOADIN,UTB Adidoadin,Banque,En activité,True,GOLFE,GOLFE 5,GOLFE | AFLAO-GAKLI,1.1899101106977108,6.20527813869813
_mview_finance_etablissements_banque.fid-7b1c8a4a_1943cbfe119_-43a5,Grand Lomé,Golfe,Golfe 3,Bè-Ouest,AGBALPEDOGAN,SCA-Togo Agbalepedogan,Assurance,En activité,True,GOLFE,GOLFE 3,GOLFE | BE-OUEST,1.2067599999999994,6.184870000000001
_mview_finance_etablissements_banque.fid-7b1c8a4a_1943cbfe119_-43a4,Grand Lomé,Golfe,Golfe 3,Bè-Ouest,TOKOIN RAMCO,COOPEC-AD Ramco,Micro-Finance,En activité,True,GOLFE,GOLFE 3,GOLFE | BE-OUEST,1.2189766666666666,6.150776666666667
_mview_finance_etablissements_banque.fid-7b1c8a4a_1943cbfe119_-43a3,Grand Lomé,Golfe,Golfe 4,Amoutivé,NYEKONAKPOE,Fidelia Assurance Nyekonakpoè,Assurance,En activité,True,GOLFE,GOLFE 4,GOLFE | AMOUTIVE,1.2128904412467998,6.130845094475759
_mview_finance_etablissements_banque.fid-7b1c8a4a_1943cbfe119_-43a2,Grand Lomé,Golfe,Golfe 4,Amoutivé,KODJOVIAKOPE,SCA-Togo Kodjoviakope,Assurance,En activité,True,GOLFE,GOLFE 4,GOLFE | AMOUTIVE,1.2074283333333333,6.1224983333333345
_mview_finance_etablissements_banque.fid-7b1c8a4a_1943cbfe119_-43a1,Grand Lomé,Golfe,Golfe 4,Amoutivé,HANOUKOPE,CARI Conseil,Assurance,En activité,True,GOLFE,GOLFE 4,GOLFE | AMOUTIVE,1.2194981944364922,6.1357476430245965
_mview_finance_etablissements_banque.fid-7b1c8a4a_1943cbfe119_-43a0,Grand Lomé,Golfe,Golfe 1,Bè-Est,Zousanetsime,A.C.A,Assurance,En activité,True,GOLFE,GOLFE 1,GOLFE | BE-EST,1.2372279723486592,6.131139232834214
_mview_finance_etablissements_banque.fid-7b1c8a4a_1943cbfe119_-439f,Grand Lomé,Agoè-Nyivé,Agoè-Nyivé 1,Agoè-Nyivé,AGBALOPEDOGAN,BC2A Agbalépédogan,Assurance,En activité,True,AGOE-NYIVE,AGOE-NYIVE 1,AGOE-NYIVE | AGOE-NYIVE,1.2038933333333333,6.200114999999999
_mview_finance_etablissements_banque.fid-7b1c8a4a_1943cbfe119_-439e,Grand Lomé,Agoè-Nyivé,Agoè-Nyivé 3,Vakpossito,LEO 2000,S2CA,Assurance,En activité,True,AGOE-NYIVE,AGOE-NYIVE 3,AGOE-NYIVE | VAKPOSSITO,1.175019457887101,6.211470619946535
_mview_finance_etablissements_banque.fid-7b1c8a4a_1943cbfe119_-439d,Grand Lomé,Golfe,Golfe 5,Aflao-Gakli,TOTSI,La Citoyenneté Vie,Assurance,En activité,True,GOLFE,GOLFE 5,GOLFE | AFLAO-GAKLI,1.1882950000000003,6.198784999999999
_mview_finance_etablissements_banque.fid-7b1c8a4a_1943cbfe119_-439c,Grand Lomé,Golfe,Golfe 4,Amoutivé,Nyékonakpoè,Banque Atlantique Nyékonakpoè,Banque,Non renseigné,False,GOLFE,GOLFE 4,GOLFE | AMOUTIVE,1.2217881500060723,6.128869630544678
_mview_finance_etablissements_banque.fid-7b1c8a4a_1943cbfe119_-439b,Grand Lomé,Golfe,Golfe 4,Amoutivé,NYEKONAKPOE,UTB Circulaire,Banque,En activité,True,GOLFE,GOLFE 4,GOLFE | AMOUTIVE,1.2099416569012376,6.126683238406481
_mview_finance_etablissements_banque.fid-7b1c8a4a_1943cbfe119_-439a,Grand Lomé,Golfe,Golfe 4,Amoutivé,DEKON,NSIA Assurance Dékon,Assurance,En activité,True,GOLFE,GOLFE 4,GOLFE | AMOUTIVE,1.2232397053236566,6.134105981293428
_mview_finance_etablissements_banque.fid-7b1c8a4a_1943cbfe119_-4399,Grand Lomé,Agoè-Nyivé,Agoè-Nyivé 1,Agoè-Nyivé,ADIDOADIN,UTB ADidoadin,Banque,En activité,True,AGOE-NYIVE,AGOE-NYIVE 1,AGOE-NYIVE | AGOE-NYIVE,1.1896800177043503,6.206290569555356
_mview_finance_etablissements_banque.fid-7b1c8a4a_1943cbfe119_-4398,Grand Lomé,Golfe,Golfe 4,Amoutivé,ADAWLATO,UTB Adawlato,Banque,En activité,True,GOLFE,GOLFE 4,GOLFE | AMOUTIVE,1.224622807087213,6.124833730714366
_mview_finance_etablissements_banque.fid-7b1c8a4a_1943cbfe119_-4397,Grand Lomé,Golfe,Golfe 5,Aflao-Gakli,Avédji,SUNU Assurance Avedji,Assurance,En activité,True,GOLFE,GOLFE 5,GOLFE | AFLAO-GAKLI,1.170685791629736,6.199482938241073
_mview_finance_etablissements_banque.fid-7b1c8a4a_1943cbfe119_-4396,Grand Lomé,Agoè-Nyivé,Agoè-Nyivé 1,Agoè-Nyivé,AGOE CACAVELI,UTB Agoe Nyive,Banque,En activité,True,AGOE-NYIVE,AGOE-NYIVE 1,AGOE-NYIVE | AGOE-NYIVE,1.2084511367284805,6.218005401631653
_mview_finance_etablissements_banque.fid-7b1c8a4a_1943cbfe119_-4395,Grand Lomé,Golfe,Golfe 3,Bè-Ouest,ADEWUI,UTB Campus,Banque,En activité,True,GOLFE,GOLFE 3,GOLFE | BE-OUEST,1.2133054519324866,6.1629308680804575
_mview_finance_etablissements_banque.fid-7b1c8a4a_1943cbfe119_-4394,Grand Lomé,Golfe,Golfe 4,Amoutivé,DEKON,UTB Media Plus,Banque,En activité,True,GOLFE,GOLFE 4,GOLFE | AMOUTIVE,1.2271566666666673,6.1366266666666665
_mview_finance_etablissements_banque.fid-7b1c8a4a_1943cbfe119_-4393,Grand Lomé,Golfe,Golfe 4,Amoutivé,Zousanetsime,UTB Boulevard Est,Banque,En activité,True,GOLFE,GOLFE 4,GOLFE | AMOUTIVE,1.2366959086933227,6.131126605295462
_mview_finance_etablissements_banque.fid-7b1c8a4a_1943cbfe119_-4392,Grand Lomé,Golfe,Golfe 7,Aflao-Sagbado,WOGNOME,CEC Canaan Wognomé,Micro-Finance,Non renseigné,False,GOLFE,GOLFE 7,GOLFE | AFLAO-SAGBADO,1.1591475220721204,6.184364091725218
_mview_finance_etablissements_banque.fid-7b1c8a4a_1943cbfe119_-4391,Grand Lomé,Golfe,Golfe 5,Aflao-Gakli,AGBALEPEDOGAN,CEC Canaan Agbalépédogan,Micro-Finance,En activité,True,GOLFE,GOLFE 5,GOLFE | AFLAO-GAKLI,1.2007805406182097,6.187290776485152
_mview_finance_etablissements_banque.fid-7b1c8a4a_1943cbfe119_-4390,Grand Lomé,Agoè-Nyivé,Agoè-Nyivé 6,Adétikopé,ADETIKOPE,MECI Adétikopé,Micro-Finance,En activité,True,AGOE-NYIVE,AGOE-NYIVE 6,AGOE-NYIVE | ADETIKOPE,1.2194299999999996,6.320585000000002
_mview_finance_etablissements_banque.fid-7b1c8a4a_1943cbfe119_-438f,Grand Lomé,Golfe,Golfe 6,Baguida,BAGUIDA,SUNU Bank Baguida,Banque,En activité,True,GOLFE,GOLFE 6,GOLFE | BAGUIDA,1.3257749999999995,6.164790000000002
_mview_finance_etablissements_banque.fid-7b1c8a4a_1943cbfe119_-438e,Grand Lomé,Golfe,Golfe 5,Aflao-Gakli,AMADAHOME,BTCI Amadahome,Banque,En activité,True,GOLFE,GOLFE 5,GOLFE | AFLAO-GAKLI,1.165753912281195,6.203577734118557
_mview_finance_etablissements_banque.fid-7b1c8a4a_1943cbfe119_-438d,Grand Lomé,Golfe,Golfe 6,Baguida,Luxolin,COECEPT Baguida,Micro-Finance,En activité,True,GOLFE,GOLFE 6,GOLFE | BAGUIDA,1.3145200000000006,6.161278333333338
_mview_finance_etablissements_banque.fid-7b1c8a4a_1943cbfe119_-438c,Grand Lomé,Golfe,Golfe 1,Bè-Est,BE,COOPEC la destinee,Micro-Finance,En activité,True,GOLFE,GOLFE 1,GOLFE | BE-EST,1.2475947877105835,6.146889860294243
_mview_finance_etablissements_banque.fid-7b1c8a4a_1943cbfe119_-438b,Grand Lomé,Golfe,Golfe 3,Bè-Ouest,ADEWI,SICAB Adewi,Micro-Finance,En activité,True,GOLFE,GOLFE 3,GOLFE | BE-OUEST,1.214881262557466,6.161662807231937
_mview_finance_etablissements_banque.fid-7b1c8a4a_1943cbfe119_-438a,Grand Lomé,Golfe,Golfe 5,Aflao-Gakli,AGBALEPEDOGAN,Mutuelle ASJD Agbalépédogan,Mutuelle,En activité,True,GOLFE,GOLFE 5,GOLFE | AFLAO-GAKLI,1.2010668058288432,6.19747982118969
_mview_finance_etablissements_banque.fid-7b1c8a4a_1943cbfe119_-4389,Grand Lomé,Golfe,Golfe 5,Aflao-Gakli,TOTSI,FUCEC Togo Togo Totsi,Micro-Finance,En activité,True,GOLFE,GOLFE 5,GOLFE | AFLAO-GAKLI,1.1882061466560967,6.19601654280304
_mview_finance_etablissements_banque.fid-7b1c8a4a_1943cbfe119_-4388,Grand Lomé,Golfe,Golfe 5,Aflao-Gakli,Adidogomé la pampa,Assilassime Solidarité,Micro-Finance,En activité,True,GOLFE,GOLFE 5,GOLFE | AFLAO-GAKLI,1.1703569145583557,6.181991516618309
_mview_finance_etablissements_banque.fid-7b1c8a4a_1943cbfe119_-4387,Grand Lomé,Golfe,Golfe 1,Bè-Est,BE MARCHE,Microfinance Alida,Micro-Finance,En activité,True,GOLFE,GOLFE 1,GOLFE | BE-EST,1.2444410674830826,6.142880633563677
_mview_finance_etablissements_banque.fid-7b1c8a4a_1943cbfe119_-4386,Grand Lomé,Golfe,Golfe 6,Baguida,LOGOTE,COCPAV Logoté,Micro-Finance,En activité,True,GOLFE,GOLFE 6,GOLFE | BAGUIDA,1.3129283333333341,6.174758333333335
_mview_finance_etablissements_banque.fid-7b1c8a4a_1943cbfe119_-4385,Grand Lomé,Golfe,Golfe 1,Bè-Est,BE MARCHE,Banque Atlantique bè Marché,Banque,Fermé / abandonné,False,GOLFE,GOLFE 1,GOLFE | BE-EST,1.2445766666666662,6.1438566666666645
_mview_finance_etablissements_banque.fid-7b1c8a4a_1943cbfe119_-4384,Grand Lomé,Golfe,Golfe 1,Bè-Est,N/a,FABES Microfinance de Be Kpehenou,Micro-Finance,Non renseigné,False,GOLFE,GOLFE 1,GOLFE | BE-EST,1.2402966666666664,6.1400183333333365
_mview_finance_etablissements_banque.fid-7b1c8a4a_1943cbfe119_-4383,Grand Lomé,Golfe,Golfe 7,Aflao-Sagbado,YOKOE,Institution de Microfinance CECL Yokoe,Micro-Finance,En activité,True,GOLFE,GOLFE 7,GOLFE | AFLAO-SAGBADO,1.1587770362263103,6.182103747239964
_mview_finance_etablissements_banque.fid-7b1c8a4a_1943cbfe119_-4382,Grand Lomé,Golfe,Golfe 1,Bè-Est,KEGUE,Coopérative ICEC,Micro-Finance,En activité,True,GOLFE,GOLFE 1,GOLFE | BE-EST,1.2397822265344405,6.209457168642274
_mview_finance_etablissements_banque.fid-7b1c8a4a_1943cbfe119_-4381,Grand Lomé,Golfe,Golfe 6,Baguida,AVEPOZO,MECPIP Avépozo,Micro-Finance,En activité,True,GOLFE,GOLFE 6,GOLFE | BAGUIDA,1.3456301994824706,6.169654906536292
_mview_finance_etablissements_banque.fid-7b1c8a4a_1943cbfe119_-4380,Grand Lomé,Agoè-Nyivé,Agoè-Nyivé 1,Agoè-Nyivé,Agoe houmbi,COOPEC la Fructueuse,Micro-Finance,En activité,True,AGOE-NYIVE,AGOE-NYIVE 1,AGOE-NYIVE | AGOE-NYIVE,1.2124866666666676,6.226266666666667
_mview_finance_etablissements_banque.fid-7b1c8a4a_1943cbfe119_-437f,Grand Lomé,Agoè-Nyivé,Agoè-Nyivé 1,Agoè-Nyivé,ATCHANVÉ,BSIC Agoe,Banque,Non renseigné,False,AGOE-NYIVE,AGOE-NYIVE 1,AGOE-NYIVE | AGOE-NYIVE,1.2108376021568685,6.231228399372045
_mview_finance_etablissements_banque.fid-7b1c8a4a_1943cbfe119_-437e,Grand Lomé,Agoè-Nyivé,Agoè-Nyivé 1,Agoè-Nyivé,AGBALEPEDOGAN,Mutuelle CEF-MF,Micro-Finance,En activité,True,AGOE-NYIVE,AGOE-NYIVE 1,AGOE-NYIVE | AGOE-NYIVE,1.2025874579982947,6.199907615734126
_mview_finance_etablissements_banque.fid-7b1c8a4a_1943cbfe119_-437d,Grand Lomé,Golfe,Golfe 5,Aflao-Gakli,LOMEGAN,Sanlam Lomégan,Assurance,En activité,True,GOLFE,GOLFE 5,GOLFE | AFLAO-GAKLI,1.199619301472088,6.182556180780277
_mview_finance_etablissements_banque.fid-7b1c8a4a_1943cbfe119_-437c,Grand Lomé,Golfe,Golfe 5,Aflao-Gakli,TOTSI,Sanlam Totsi,Assurance,En activité,True,GOLFE,GOLFE 5,GOLFE | AFLAO-GAKLI,1.1917883333333334,6.191060000000004
_mview_finance_etablissements_banque.fid-7b1c8a4a_1943cbfe119_-437b,Grand Lomé,Agoè-Nyivé,Agoè-Nyivé 1,Agoè-Nyivé,AGBALEPEDOGAN,Sanlam Agbalepedogan,Assurance,En activité,True,AGOE-NYIVE,AGOE-NYIVE 1,AGOE-NYIVE | AGOE-NYIVE,1.1974511075200136,6.200137116775405
_mview_finance_etablissements_banque.fid-7b1c8a4a_1943cbfe119_-437a,Grand Lomé,Golfe,Golfe 5,Aflao-Gakli,AGBALEPEDOGAN,Microfinance MECPIP de Agbalepedogan,Micro-Finance,En activité,True,GOLFE,GOLFE 5,GOLFE | AFLAO-GAKLI,1.2000078493982804,6.198062968375543
_mview_finance_etablissements_banque.fid-7b1c8a4a_1943cbfe119_-4379,Grand Lomé,Golfe,Golfe 5,Aflao-Gakli,TOTSI,ECOBANK Totsi,Banque,En activité,True,GOLFE,GOLFE 5,GOLFE | AFLAO-GAKLI,1.1904766666666653,6.192615000000001
_mview_finance_etablissements_banque.fid-7b1c8a4a_1943cbfe119_-4378,Grand Lomé,Golfe,Golfe 3,Bè-Ouest,AGBALEPEDOGAN,BTCI Agbalépédogan,Banque,En activité,True,GOLFE,GOLFE 3,GOLFE | BE-OUEST,1.2083282961381128,6.189404177138022
_mview_finance_etablissements_banque.fid-7b1c8a4a_1943cbfe119_-4377,Grand Lomé,Golfe,Golfe 3,Bè-Ouest,AGBALEPEDOGAN,ORABANK Agbalépédo,Banque,En activité,True,GOLFE,GOLFE 3,GOLFE | BE-OUEST,1.2084100036017402,6.191995925975263
_mview_finance_etablissements_banque.fid-7b1c8a4a_1943cbfe119_-4376,Grand Lomé,Golfe,Golfe 5,Aflao-Gakli,AVEDJI,COFEC Microfinance,Micro-Finance,En activité,True,GOLFE,GOLFE 5,GOLFE | AFLAO-GAKLI,1.1757873536598353,6.18820901685639
_mview_finance_etablissements_banque.fid-7b1c8a4a_1943cbfe119_-4375,Grand Lomé,Golfe,Golfe 5,Aflao-Gakli,AVEDJI,Mutuelle ASJD Avédji,Mutuelle,En activité,True,GOLFE,GOLFE 5,GOLFE | AFLAO-GAKLI,1.1727522871420653,6.202515205071812
_mview_finance_etablissements_banque.fid-7b1c8a4a_1943cbfe119_-4374,Grand Lomé,Golfe,Golfe 5,Aflao-Gakli,Adidogomé,WAGES Adidogome,Micro-Finance,En activité,True,GOLFE,GOLFE 5,GOLFE | AFLAO-GAKLI,1.1699902659280905,6.182166390744935
_mview_finance_etablissements_banque.fid-7b1c8a4a_1943cbfe119_-4373,Grand Lomé,Golfe,Golfe 3,Bè-Ouest,AMOUTIEVE TRESOR,COOPEC Echoppe,Micro-Finance,En activité,True,GOLFE,GOLFE 3,GOLFE | BE-OUEST,1.217433513965792,6.152477349688095
_mview_finance_etablissements_banque.fid-7b1c8a4a_1943cbfe119_-4372,Grand Lomé,Golfe,Golfe 5,Aflao-Gakli,Madiba,FINAM Agence Madiba,Micro-Finance,En activité,True,GOLFE,GOLFE 5,GOLFE | AFLAO-GAKLI,1.1483424531289625,6.200279609307422
_mview_finance_etablissements_banque.fid-7b1c8a4a_1943cbfe119_-4371,Grand Lomé,Golfe,Golfe 5,Aflao-Gakli,Adidogomé,COOPEC Ave Agence Adidogome,Micro-Finance,En activité,True,GOLFE,GOLFE 5,GOLFE | AFLAO-GAKLI,1.16004889047566,6.190529656270431
_mview_finance_etablissements_banque.fid-7b1c8a4a_1943cbfe119_-4370,Grand Lomé,Golfe,Golfe 5,Aflao-Gakli,Adidogomé,BSIC Adidogome,Banque,En activité,True,GOLFE,GOLFE 5,GOLFE | AFLAO-GAKLI,1.166512507173074,6.1853858584218075
_mview_finance_etablissements_banque.fid-7b1c8a4a_1943cbfe119_-436f,Grand Lomé,Golfe,Golfe 5,Aflao-Gakli,Adidogomé,COOPEC Solidarite,Micro-Finance,En activité,True,GOLFE,GOLFE 5,GOLFE | AFLAO-GAKLI,1.1691624091622577,6.183092876351627
_mview_finance_etablissements_banque.fid-7b1c8a4a_1943cbfe119_-436e,Grand Lomé,Golfe,Golfe 5,Aflao-Gakli,ADIDOGOME,BTCI Adidogome,Banque,En activité,True,GOLFE,GOLFE 5,GOLFE | AFLAO-GAKLI,1.1708190706131802,6.18165400741941
_mview_finance_etablissements_banque.fid-7b1c8a4a_1943cbfe119_-436d,Grand Lomé,Golfe,Golfe 5,Aflao-Gakli,ADIDOGOME,Microfinance Adidogome,Micro-Finance,En activité,True,GOLFE,GOLFE 5,GOLFE | AFLAO-GAKLI,1.170916666666666,6.181045000000002
_mview_finance_etablissements_banque.fid-7b1c8a4a_1943cbfe119_-436c,Grand Lomé,Golfe,Golfe 5,Aflao-Gakli,Adidogomé,Banque Atlantique Adidogome,Banque,En activité,True,GOLFE,GOLFE 5,GOLFE | AFLAO-GAKLI,1.181332273937717,6.1758502449501975
_mview_finance_etablissements_banque.fid-7b1c8a4a_1943cbfe119_-436b,Grand Lomé,Golfe,Golfe 5,Aflao-Gakli,Adidogomé,ORABANK Adidogome,Banque,En activité,True,GOLFE,GOLFE 5,GOLFE | AFLAO-GAKLI,1.1816239942441167,6.175696361831756
_mview_finance_etablissements_banque.fid-7b1c8a4a_1943cbfe119_-436a,Grand Lomé,Golfe,Golfe 5,Aflao-Gakli,ADIDOGOME AMENOPE,COOPEC Grâce plus Aménopé,Micro-Finance,En activité,True,GOLFE,GOLFE 5,GOLFE | AFLAO-GAKLI,1.1522450000000006,6.197245
_mview_finance_etablissements_banque.fid-7b1c8a4a_1943cbfe119_-4369,Grand Lomé,Golfe,Golfe 7,Aflao-Sagbado,ADIDOGOME ASSIYEYE,Ardi-mec Togo Adidogome Assiyeye,Micro-Finance,En activité,True,GOLFE,GOLFE 7,GOLFE | AFLAO-SAGBADO,1.150026666666667,6.198334999999999
_mview_finance_etablissements_banque.fid-7b1c8a4a_1943cbfe119_-4368,Grand Lomé,Golfe,Golfe 1,Bè-Est,BE,Sanlam Bé,Assurance,En activité,True,GOLFE,GOLFE 1,GOLFE | BE-EST,1.238246730006049,6.13903127691597
_mview_finance_etablissements_banque.fid-7b1c8a4a_1943cbfe119_-4367,Grand Lomé,Golfe,Golfe 1,Bè-Est,DZIFA KPOTA,Echoppe Togo,Micro-Finance,En activité,True,GOLFE,GOLFE 1,GOLFE | BE-EST,1.2743646772516546,6.167264773667549
_mview_finance_etablissements_banque.fid-7b1c8a4a_1943cbfe119_-4366,Grand Lomé,Golfe,Golfe 5,Aflao-Gakli,ADIDOGOME ASSIYEYE,BTCI ADidogome Assiyeye,Banque,En activité,True,GOLFE,GOLFE 5,GOLFE | AFLAO-GAKLI,1.1475416666666667,6.201183333333333
_mview_finance_etablissements_banque.fid-7b1c8a4a_1943cbfe119_-4365,Grand Lomé,Golfe,Golfe 5,Aflao-Gakli,ADIDOGOME MADIBA,Microfinance FINAM Adidogome Madiba,Micro-Finance,En activité,True,GOLFE,GOLFE 5,GOLFE | AFLAO-GAKLI,1.1483633333333327,6.200508333333335
_mview_finance_etablissements_banque.fid-7b1c8a4a_1943cbfe119_-4364,Grand Lomé,Golfe,Golfe 7,Aflao-Sagbado,WOGNOME,Microfinance MECPIPI,Micro-Finance,En activité,True,GOLFE,GOLFE 7,GOLFE | AFLAO-SAGBADO,1.1514066666666665,6.190565000000001
_mview_finance_etablissements_banque.fid-7b1c8a4a_1943cbfe119_-4363,Grand Lomé,Golfe,Golfe 3,Bè-Ouest,Tokoin Ramco,COOPEC AD Agence Ramco,Micro-Finance,En activité,True,GOLFE,GOLFE 3,GOLFE | BE-OUEST,1.2187791904877339,6.150681666599552
_mview_finance_etablissements_banque.fid-7b1c8a4a_1943cbfe119_-4362,Grand Lomé,Golfe,Golfe 5,Aflao-Gakli,ADIDOGOME AMADAHOME,ECOBANK Adidogome Amadahome,Banque,En activité,True,GOLFE,GOLFE 5,GOLFE | AFLAO-GAKLI,1.1526131757897875,6.196868748346697
_mview_finance_etablissements_banque.fid-7b1c8a4a_1943cbfe119_-4361,Grand Lomé,Golfe,Golfe 5,Aflao-Gakli,Avédji Limousine,ORABANK Agence Avedji,Banque,En activité,True,GOLFE,GOLFE 5,GOLFE | AFLAO-GAKLI,1.1811524606063122,6.202041714037279
_mview_finance_etablissements_banque.fid-7b1c8a4a_1943cbfe119_-4360,Grand Lomé,Golfe,Golfe 5,Aflao-Gakli,Adidogomé Assiyéyé,BSIC Adidogome Assiyeye,Banque,En activité,True,GOLFE,GOLFE 5,GOLFE | AFLAO-GAKLI,1.1484432876078905,6.201284174144931
_mview_finance_etablissements_banque.fid-7b1c8a4a_1943cbfe119_-435f,Grand Lomé,Golfe,Golfe 5,Aflao-Gakli,Adidogomé,SUNU Bank Agence Adidogome,Banque,En activité,True,GOLFE,GOLFE 5,GOLFE | AFLAO-GAKLI,1.1659948005766052,6.185368726602131
_mview_finance_etablissements_banque.fid-7b1c8a4a_1943cbfe119_-435e,Grand Lomé,Golfe,Golfe 5,Aflao-Gakli,Adidogomé,NSIA Assurance Adidogome,Assurance,En activité,True,GOLFE,GOLFE 5,GOLFE | AFLAO-GAKLI,1.1728683150072279,6.179892249088729
_mview_finance_etablissements_banque.fid-7b1c8a4a_1943cbfe119_-435d,Grand Lomé,Golfe,Golfe 5,Aflao-Gakli,Adidogomé,GTA Assurance Adidogomé,Assurance,En activité,True,GOLFE,GOLFE 5,GOLFE | AFLAO-GAKLI,1.176792570206645,6.178137602756356
_mview_finance_etablissements_banque.fid-7b1c8a4a_1943cbfe119_-435c,Grand Lomé,Golfe,Golfe 5,Aflao-Gakli,Adidogomé,FINAM Agence Principale,Micro-Finance,En activité,True,GOLFE,GOLFE 5,GOLFE | AFLAO-GAKLI,1.1811310347589883,6.175399463908128
_mview_finance_etablissements_banque.fid-7b1c8a4a_1943cbfe119_-435b,Grand Lomé,Golfe,Golfe 5,Aflao-Gakli,Adidogomé,Sanlam Adidogome,Assurance,En activité,True,GOLFE,GOLFE 5,GOLFE | AFLAO-GAKLI,1.181027842881429,6.175784775799637
_mview_finance_etablissements_banque.fid-7b1c8a4a_1943cbfe119_-435a,Grand Lomé,Golfe,Golfe 5,Aflao-Gakli,Adidogomé,BIA Togo Adidogome,Banque,En activité,True,GOLFE,GOLFE 5,GOLFE | AFLAO-GAKLI,1.181610098445674,6.175221581533679
_mview_finance_etablissements_banque.fid-7b1c8a4a_1943cbfe119_-4359,Grand Lomé,Golfe,Golfe 5,Aflao-Gakli,Adinamoto,Mutuelle Nevaeme,Micro-Finance,En activité,True,GOLFE,GOLFE 5,GOLFE | AFLAO-GAKLI,1.1958422254864733,6.170243228328728
_mview_finance_etablissements_banque.fid-7b1c8a4a_1943cbfe119_-4358,Grand Lomé,Golfe,Golfe 3,Bè-Ouest,Klikamé,BSIC Klikame,Banque,En activité,True,GOLFE,GOLFE 3,GOLFE | BE-OUEST,1.2053861993756263,6.179581433077906
_mview_finance_etablissements_banque.fid-7b1c8a4a_1943cbfe119_-4357,Grand Lomé,Agoè-Nyivé,Agoè-Nyivé 4,Togblekope,ZONGO,Mutuelle la Dignite,Micro-Finance,En activité,True,AGOE-NYIVE,AGOE-NYIVE 4,AGOE-NYIVE | TOGBLEKOPE,1.2035333333333331,6.256128333333337
_mview_finance_etablissements_banque.fid-7b1c8a4a_1943cbfe119_-4356,Grand Lomé,Agoè-Nyivé,Agoè-Nyivé 1,Agoè-Nyivé,AGOE ZONGO,COOPAD Agoe Zongo,Micro-Finance,En activité,True,AGOE-NYIVE,AGOE-NYIVE 1,AGOE-NYIVE | AGOE-NYIVE,1.2085516666666665,6.251594999999999
_mview_finance_etablissements_banque.fid-7b1c8a4a_1943cbfe119_-4355,Grand Lomé,Golfe,Golfe 1,Bè-Est,BE,COOPEC Maturite,Micro-Finance,En activité,True,GOLFE,GOLFE 1,GOLFE | BE-EST,1.24267312674284,6.142242588829827
_mview_finance_etablissements_banque.fid-7b1c8a4a_1943cbfe119_-4354,Grand Lomé,Golfe,Golfe 4,Amoutivé,Attikoumé,CORIS Bank Attikoumé,Banque,Non renseigné,False,GOLFE,GOLFE 4,GOLFE | AMOUTIVE,1.2025330078353182,6.165553825072307
_mview_finance_etablissements_banque.fid-7b1c8a4a_1943cbfe119_-4353,Grand Lomé,Agoè-Nyivé,Agoè-Nyivé 4,Togblekope,HAOUSSA-ZONGO,IB Bank Haoussa-Zongo,Banque,En activité,True,AGOE-NYIVE,AGOE-NYIVE 4,AGOE-NYIVE | TOGBLEKOPE,1.2077716666666671,6.260926666666666
_mview_finance_etablissements_banque.fid-7b1c8a4a_1943cbfe119_-4352,Grand Lomé,Agoè-Nyivé,Agoè-Nyivé 1,Agoè-Nyivé,ATSANVE,La Pyramide Sarl,Micro-Finance,En activité,True,AGOE-NYIVE,AGOE-NYIVE 1,AGOE-NYIVE | AGOE-NYIVE,1.2264462067175177,6.221909743450495
_mview_finance_etablissements_banque.fid-7b1c8a4a_1943cbfe119_-4351,Grand Lomé,Agoè-Nyivé,Agoè-Nyivé 1,Agoè-Nyivé,ATSANVE,Microfinance WAGES,Micro-Finance,En activité,True,AGOE-NYIVE,AGOE-NYIVE 1,AGOE-NYIVE | AGOE-NYIVE,1.2114069545005897,6.228957095770304
_mview_finance_etablissements_banque.fid-7b1c8a4a_1943cbfe119_-4350,Grand Lomé,Agoè-Nyivé,Agoè-Nyivé 1,Agoè-Nyivé,AGOE COMMISSARIAT,SUNU Bank Agence Agoe,Banque,En activité,True,AGOE-NYIVE,AGOE-NYIVE 1,AGOE-NYIVE | AGOE-NYIVE,1.2108834537529962,6.231028294606337
_mview_finance_etablissements_banque.fid-7b1c8a4a_1943cbfe119_-434f,Grand Lomé,Golfe,Golfe 4,Amoutivé,Nyekonakpoè,BSIC Nyekonakpoè,Banque,Non renseigné,False,GOLFE,GOLFE 4,GOLFE | AMOUTIVE,1.2093230045469638,6.126545552408166
_mview_finance_etablissements_banque.fid-7b1c8a4a_1943cbfe119_-434e,Grand Lomé,Agoè-Nyivé,Agoè-Nyivé 4,Togblekope,HAOUSSA ZONGO,SPT Zongo,Banque,En activité,True,AGOE-NYIVE,AGOE-NYIVE 4,AGOE-NYIVE | TOGBLEKOPE,1.2093899999999995,6.253803333333334
_mview_finance_etablissements_banque.fid-7b1c8a4a_1943cbfe119_-434d,Grand Lomé,Agoè-Nyivé,Agoè-Nyivé 1,Agoè-Nyivé,AGOE ZONGO,COOPEC DECA,Micro-Finance,En activité,True,AGOE-NYIVE,AGOE-NYIVE 1,AGOE-NYIVE | AGOE-NYIVE,1.1980583333333326,6.250081666666668
_mview_finance_etablissements_banque.fid-7b1c8a4a_1943cbfe119_-434c,Grand Lomé,Agoè-Nyivé,Agoè-Nyivé 1,Agoè-Nyivé,N/a,IFRJRJRJ,Micro-Finance,Non renseigné,False,AGOE-NYIVE,AGOE-NYIVE 1,AGOE-NYIVE | AGOE-NYIVE,1.2126316666666663,6.230813333333335
_mview_finance_etablissements_banque.fid-7b1c8a4a_1943cbfe119_-434b,Grand Lomé,Agoè-Nyivé,Agoè-Nyivé 1,Agoè-Nyivé,AGOE DEMAKPOE,Microfinance MECI Agoe demakpoe,Micro-Finance,En activité,True,AGOE-NYIVE,AGOE-NYIVE 1,AGOE-NYIVE | AGOE-NYIVE,1.2037772307917702,6.239011788598628
_mview_finance_etablissements_banque.fid-7b1c8a4a_1943cbfe119_-434a,Grand Lomé,Agoè-Nyivé,Agoè-Nyivé 1,Agoè-Nyivé,AGOE ASSIYEYE,COOPEC AD Agoe Assiyeye,Micro-Finance,En activité,True,AGOE-NYIVE,AGOE-NYIVE 1,AGOE-NYIVE | AGOE-NYIVE,1.1956533333333323,6.2311266666666665
_mview_finance_etablissements_banque.fid-7b1c8a4a_1943cbfe119_-4349,Grand Lomé,Golfe,Golfe 5,Aflao-Gakli,ADIDOGOME,Microfinance CECA ADidogome,Micro-Finance,En activité,True,GOLFE,GOLFE 5,GOLFE | AFLAO-GAKLI,1.1534599999999993,6.195856666666667
_mview_finance_etablissements_banque.fid-7b1c8a4a_1943cbfe119_-4348,Grand Lomé,Golfe,Golfe 7,Aflao-Sagbado,AVOEME,WAGES Avoeme,Micro-Finance,En activité,True,GOLFE,GOLFE 7,GOLFE | AFLAO-SAGBADO,1.1362234349880922,6.193568189338821
_mview_finance_etablissements_banque.fid-7b1c8a4a_1943cbfe119_-4347,Grand Lomé,Golfe,Golfe 7,Aflao-Sagbado,SEGBE,Sanlam Segbe,Assurance,En activité,True,GOLFE,GOLFE 7,GOLFE | AFLAO-SAGBADO,1.1223945384423228,6.193408575739667
_mview_finance_etablissements_banque.fid-7b1c8a4a_1943cbfe119_-4346,Grand Lomé,Agoè-Nyivé,Agoè-Nyivé 1,Agoè-Nyivé,Agoé gbonvé,Microfinance COECEB Agoè Gbonvé,Micro-Finance,En activité,True,AGOE-NYIVE,AGOE-NYIVE 1,AGOE-NYIVE | AGOE-NYIVE,1.184011666666667,6.217353333333333
_mview_finance_etablissements_banque.fid-7b1c8a4a_1943cbfe119_-4345,Grand Lomé,Agoè-Nyivé,Agoè-Nyivé 1,Agoè-Nyivé,ATCHANVE,Millenium Microfinance Atchanve,Micro-Finance,En activité,True,AGOE-NYIVE,AGOE-NYIVE 1,AGOE-NYIVE | AGOE-NYIVE,1.2104149999999994,6.2306983333333354
_mview_finance_etablissements_banque.fid-7b1c8a4a_1943cbfe119_-4344,Grand Lomé,Golfe,Golfe 4,Amoutivé,NYEKONAKPOE,SPT Nyekonakpoe,Banque,En activité,True,GOLFE,GOLFE 4,GOLFE | AMOUTIVE,1.2090533333333338,6.127418333333331
_mview_finance_etablissements_banque.fid-7b1c8a4a_1943cbfe119_-4343,Grand Lomé,Agoè-Nyivé,Agoè-Nyivé 4,Togblekope,ZONGO,Club Entraide Sans Frontière Microfinance,Micro-Finance,En activité,True,AGOE-NYIVE,AGOE-NYIVE 4,AGOE-NYIVE | TOGBLEKOPE,1.2080933333333337,6.257508333333334
_mview_finance_etablissements_banque.fid-7b1c8a4a_1943cbfe119_-4342,Grand Lomé,Agoè-Nyivé,Agoè-Nyivé 1,Agoè-Nyivé,ATCHANVE,COOPEC AD Atchanve,Micro-Finance,En activité,True,AGOE-NYIVE,AGOE-NYIVE 1,AGOE-NYIVE | AGOE-NYIVE,1.215873333333333,6.22516
_mview_finance_etablissements_banque.fid-7b1c8a4a_1943cbfe119_-4341,Grand Lomé,Agoè-Nyivé,Agoè-Nyivé 1,Agoè-Nyivé,AGOE PLANTATION,Banque Atlantique Agoè plantation,Banque,En activité,True,AGOE-NYIVE,AGOE-NYIVE 1,AGOE-NYIVE | AGOE-NYIVE,1.210315,6.2341416666666705
_mview_finance_etablissements_banque.fid-7b1c8a4a_1943cbfe119_-4340,Grand Lomé,Golfe,Golfe 1,Bè-Est,AHADJI-KPOTA,Banque Atlantique Ahadji-Kpota,Banque,En activité,True,GOLFE,GOLFE 1,GOLFE | BE-EST,1.284411532906097,6.158952552228888
_mview_finance_etablissements_banque.fid-7b1c8a4a_1943cbfe119_-433f,Grand Lomé,Golfe,Golfe 1,Bè-Est,AHADJI-KPOTA,Banque SAB,Banque,En activité,True,GOLFE,GOLFE 1,GOLFE | BE-EST,1.283915322411816,6.158843175762937
_mview_finance_etablissements_banque.fid-7b1c8a4a_1943cbfe119_-433e,Grand Lomé,Golfe,Golfe 1,Bè-Est,BE KPOTA,FINAM de Be Kpota,Micro-Finance,En activité,True,GOLFE,GOLFE 1,GOLFE | BE-EST,1.2647203559983111,6.161233471849637
_mview_finance_etablissements_banque.fid-7b1c8a4a_1943cbfe119_-433d,Grand Lomé,Golfe,Golfe 4,Amoutivé,Nyékonakpoè,BCEAO Nyékonakpoè,Banque,Non renseigné,False,GOLFE,GOLFE 4,GOLFE | AMOUTIVE,1.2123360258696294,6.127253059898546
_mview_finance_etablissements_banque.fid-7b1c8a4a_1943cbfe119_-433c,Grand Lomé,Golfe,Golfe 1,Bè-Est,AKODESSEWA,Microfinance Millenium Akodessewa,Micro-Finance,En activité,True,GOLFE,GOLFE 1,GOLFE | BE-EST,1.2520761090457726,6.149492518364627
_mview_finance_etablissements_banque.fid-7b1c8a4a_1943cbfe119_-433b,Grand Lomé,Golfe,Golfe 1,Bè-Est,AGODESEWA,COOPEC Solidarite Bè-Est,Micro-Finance,En activité,True,GOLFE,GOLFE 1,GOLFE | BE-EST,1.2602327242222342,6.151410343314092
_mview_finance_etablissements_banque.fid-7b1c8a4a_1943cbfe119_-433a,Grand Lomé,Golfe,Golfe 1,Bè-Est,BEKPOTA,COOPEC Ave Bèkpota,Micro-Finance,En activité,True,GOLFE,GOLFE 1,GOLFE | BE-EST,1.2664766666666665,6.162791666666666
_mview_finance_etablissements_banque.fid-7b1c8a4a_1943cbfe119_-4339,Grand Lomé,Golfe,Golfe 1,Bè-Est,ANFAME,COCEC Anfame,Micro-Finance,En activité,True,GOLFE,GOLFE 1,GOLFE | BE-EST,1.27659,6.165016666666668
_mview_finance_etablissements_banque.fid-7b1c8a4a_1943cbfe119_-4338,Grand Lomé,Golfe,Golfe 6,Baguida,Nsp,COOPEC Solidarite Baguida,Micro-Finance,En activité,True,GOLFE,GOLFE 6,GOLFE | BAGUIDA,1.30127394781389,6.168981693684939
_mview_finance_etablissements_banque.fid-7b1c8a4a_1943cbfe119_-4337,Grand Lomé,Golfe,Golfe 2,Bè-Centre,ATIEGOUGAN,COCEC Atiegougan,Micro-Finance,En activité,True,GOLFE,GOLFE 2,GOLFE | BE-CENTRE,1.2585695750803578,6.193655274980941
_mview_finance_etablissements_banque.fid-7b1c8a4a_1943cbfe119_-4336,Grand Lomé,Golfe,Golfe 1,Bè-Est,ADAKPAME,SPT Adakpame,Banque,En activité,True,GOLFE,GOLFE 1,GOLFE | BE-EST,1.2894333333333332,6.170184999999998
_mview_finance_etablissements_banque.fid-7b1c8a4a_1943cbfe119_-4335,Grand Lomé,Golfe,Golfe 3,Bè-Ouest,TOKOIN trésor,UTB Tokoin Tresor,Banque,En activité,True,GOLFE,GOLFE 3,GOLFE | BE-OUEST,1.2172633333333331,6.153320000000002
_mview_finance_etablissements_banque.fid-7b1c8a4a_1943cbfe119_-4334,Grand Lomé,Golfe,Golfe 1,Bè-Est,LOME PORT,Banque Atlantique de Lomé Port,Banque,En activité,True,GOLFE,GOLFE 1,GOLFE | BE-EST,1.275309893948456,6.143484596492329
_mview_finance_etablissements_banque.fid-7b1c8a4a_1943cbfe119_-4333,Grand Lomé,Golfe,Golfe 3,Bè-Ouest,Adewui,UTB Adewui,Banque,En activité,True,GOLFE,GOLFE 3,GOLFE | BE-OUEST,1.2151359741409398,6.161748001191442
_mview_finance_etablissements_banque.fid-7b1c8a4a_1943cbfe119_-4332,Grand Lomé,Golfe,Golfe 3,Bè-Ouest,GBOVIE,Micro_finance ICEC,Micro-Finance,En activité,True,GOLFE,GOLFE 3,GOLFE | BE-OUEST,1.220592547128789,6.152418507787813
_mview_finance_etablissements_banque.fid-7b1c8a4a_1943cbfe119_-4331,Maritime,Vo,Vo 4,Hahotoé,HAHOTOE,SPT Hahotoe,Banque,En activité,True,VO,VO 4,VO | HAHOTOE,1.4089583333333326,6.361458333333332
_mview_finance_etablissements_banque.fid-7b1c8a4a_1943cbfe119_-4330,Grand Lomé,Golfe,Golfe 3,Bè-Ouest,Tokoin soted,COOPEC TRASSTO,Micro-Finance,En activité,True,GOLFE,GOLFE 3,GOLFE | BE-OUEST,1.2247502721925536,6.149371513360616
_mview_finance_etablissements_banque.fid-7b1c8a4a_1943cbfe119_-432f,Grand Lomé,Golfe,Golfe 3,Bè-Ouest,TOKOIN SOTED,Banque Atlantique Tokoin SOTED,Banque,En activité,True,GOLFE,GOLFE 3,GOLFE | BE-OUEST,1.2212965339820714,6.152278277956703
_mview_finance_etablissements_banque.fid-7b1c8a4a_1943cbfe119_-432e,Grand Lomé,Golfe,Golfe 3,Bè-Ouest,TOKOIN SOTED,ORABANK Tokoin,Banque,En activité,True,GOLFE,GOLFE 3,GOLFE | BE-OUEST,1.2191920000000003,6.1485001
_mview_finance_etablissements_banque.fid-7b1c8a4a_1943cbfe119_-432d,Grand Lomé,Golfe,Golfe 1,Bè-Est,ADIDOME,Microfinance la Rosee de Dieu,Micro-Finance,En activité,True,GOLFE,GOLFE 1,GOLFE | BE-EST,1.2709849999999996,6.1719833333333325
_mview_finance_etablissements_banque.fid-7b1c8a4a_1943cbfe119_-432c,Grand Lomé,Golfe,Golfe 1,Bè-Est,Be kpota,MECIT BE-KPOTA,Banque,Non renseigné,False,GOLFE,GOLFE 1,GOLFE | BE-EST,1.263561666666666,6.158953333333335
_mview_finance_etablissements_banque.fid-7b1c8a4a_1943cbfe119_-432b,Grand Lomé,Golfe,Golfe 1,Bè-Est,AKODESSEWA,WAGES Akodessewa,Micro-Finance,En activité,True,GOLFE,GOLFE 1,GOLFE | BE-EST,1.266705,6.153173333333331
_mview_finance_etablissements_banque.fid-7b1c8a4a_1943cbfe119_-432a,Grand Lomé,Golfe,Golfe 1,Bè-Est,N/a,Mutuelle Nevaeme,Micro-Finance,En activité,True,GOLFE,GOLFE 1,GOLFE | BE-EST,1.2546416666666667,6.15032
_mview_finance_etablissements_banque.fid-7b1c8a4a_1943cbfe119_-4329,Grand Lomé,Golfe,Golfe 3,Bè-Ouest,TOKOIN,CORIS Bank International,Banque,En activité,True,GOLFE,GOLFE 3,GOLFE | BE-OUEST,1.2227248052125625,6.164337860272213
_mview_finance_etablissements_banque.fid-7b1c8a4a_1943cbfe119_-4328,Grand Lomé,Golfe,Golfe 1,Bè-Est,AKODESSEWA,ECOBANK d'Akodessewa,Banque,En activité,True,GOLFE,GOLFE 1,GOLFE | BE-EST,1.2657853626122715,6.15309018801826
_mview_finance_etablissements_banque.fid-7b1c8a4a_1943cbfe119_-4327,Grand Lomé,Golfe,Golfe 1,Bè-Est,DZIFA KPOTA,SPT Dzifa Kpota,Banque,En activité,True,GOLFE,GOLFE 1,GOLFE | BE-EST,1.269995,6.164911666666665
_mview_finance_etablissements_banque.fid-7b1c8a4a_1943cbfe119_-4326,Grand Lomé,Golfe,Golfe 4,Amoutivé,DEKON,NSIA Banque - Direction générale,Banque,En activité,True,GOLFE,GOLFE 4,GOLFE | AMOUTIVE,1.2280632684965314,6.1366200384195695
_mview_finance_etablissements_banque.fid-7b1c8a4a_1943cbfe119_-4325,Grand Lomé,Golfe,Golfe 6,Baguida,BAGUIDA,ECOBANK Baguida,Banque,En activité,True,GOLFE,GOLFE 6,GOLFE | BAGUIDA,1.3269297744176531,6.164330909226384
_mview_finance_etablissements_banque.fid-7b1c8a4a_1943cbfe119_-4324,Grand Lomé,Golfe,Golfe 1,Bè-Est,BE KPOTA,UTB Be Kpota,Banque,En activité,True,GOLFE,GOLFE 1,GOLFE | BE-EST,1.255043333333333,6.1581
_mview_finance_etablissements_banque.fid-7b1c8a4a_1943cbfe119_-4323,Grand Lomé,Golfe,Golfe 2,Bè-Centre,HÉDZRANAWOE,UTB Hedzranawo,Banque,En activité,True,GOLFE,GOLFE 2,GOLFE | BE-CENTRE,1.2404883333333334,6.182610000000001
_mview_finance_etablissements_banque.fid-7b1c8a4a_1943cbfe119_-4322,Grand Lomé,Golfe,Golfe 2,Bè-Centre,NOVISSI,UTB Novissi Jean Paul 2,Banque,En activité,True,GOLFE,GOLFE 2,GOLFE | BE-CENTRE,1.2345683333333335,6.174466666666666
_mview_finance_etablissements_banque.fid-7b1c8a4a_1943cbfe119_-4321,Grand Lomé,Agoè-Nyivé,Agoè-Nyivé 2,Légbassito,ZOSSIME,UMECTO Zossime,Micro-Finance,En activité,True,AGOE-NYIVE,AGOE-NYIVE 2,AGOE-NYIVE | LEGBASSITO,1.1533418882286626,6.233313818374659
_mview_finance_etablissements_banque.fid-7b1c8a4a_1943cbfe119_-4320,Grand Lomé,Golfe,Golfe 3,Bè-Ouest,GTA,UTB Sgi,Banque,En activité,True,GOLFE,GOLFE 3,GOLFE | BE-OUEST,1.2123085932812612,6.188188307046548
_mview_finance_etablissements_banque.fid-7b1c8a4a_1943cbfe119_-431f,Grand Lomé,Golfe,Golfe 3,Bè-Ouest,ADEWUI,UTB Cadastre,Banque,En activité,True,GOLFE,GOLFE 3,GOLFE | BE-OUEST,1.2203616666666663,6.163129999999999
_mview_finance_etablissements_banque.fid-7b1c8a4a_1943cbfe119_-431e,Grand Lomé,Golfe,Golfe 4,Amoutivé,Kwadjoviakope,UTB Kwadjoviakope,Banque,En activité,True,GOLFE,GOLFE 4,GOLFE | AMOUTIVE,1.1997333333333329,6.113686666666665
_mview_finance_etablissements_banque.fid-7b1c8a4a_1943cbfe119_-431d,Grand Lomé,Golfe,Golfe 5,Aflao-Gakli,ADIDOGOME,UTB Adidogome,Banque,En activité,True,GOLFE,GOLFE 5,GOLFE | AFLAO-GAKLI,1.1844361581704725,6.173938606467558
_mview_finance_etablissements_banque.fid-7b1c8a4a_1943cbfe119_-431c,Grand Lomé,Agoè-Nyivé,Agoè-Nyivé 5,Sanguera,SANGUERA,WAGES Sanguera,Micro-Finance,En activité,True,AGOE-NYIVE,AGOE-NYIVE 5,AGOE-NYIVE | SANGUERA,1.11705832245944,6.227764718190804
_mview_finance_etablissements_banque.fid-7b1c8a4a_1943cbfe119_-431b,Grand Lomé,Agoè-Nyivé,Agoè-Nyivé 5,Sanguera,SANGUERA,FUCEC Togo -Togo COOPEC Akepe,Micro-Finance,En activité,True,AGOE-NYIVE,AGOE-NYIVE 5,AGOE-NYIVE | SANGUERA,1.1163963879472318,6.228350320064125
_mview_finance_etablissements_banque.fid-7b1c8a4a_1943cbfe119_-431a,Grand Lomé,Agoè-Nyivé,Agoè-Nyivé 5,Sanguera,AGNINGBE,COOPEC Grace Plus Agningbe,Micro-Finance,En activité,True,AGOE-NYIVE,AGOE-NYIVE 5,AGOE-NYIVE | SANGUERA,1.1125100000000006,6.2301
_mview_finance_etablissements_banque.fid-7b1c8a4a_1943cbfe119_-4319,Grand Lomé,Agoè-Nyivé,Agoè-Nyivé 5,Sanguera,ZOSSIME,WAGES Zossime,Micro-Finance,En activité,True,AGOE-NYIVE,AGOE-NYIVE 5,AGOE-NYIVE | SANGUERA,1.150194652967041,6.232699922230927
_mview_finance_etablissements_banque.fid-7b1c8a4a_1943cbfe119_-4318,Grand Lomé,Agoè-Nyivé,Agoè-Nyivé 2,Légbassito,ZOSSIME,FUCEC Togo Zossime,Micro-Finance,En activité,True,AGOE-NYIVE,AGOE-NYIVE 2,AGOE-NYIVE | LEGBASSITO,1.1515290669422864,6.234060848226777
_mview_finance_etablissements_banque.fid-7b1c8a4a_1943cbfe119_-4317,Grand Lomé,Agoè-Nyivé,Agoè-Nyivé 3,Vakpossito,ASSIGOME,CEC Canaan Assigomé,Micro-Finance,En activité,True,AGOE-NYIVE,AGOE-NYIVE 3,AGOE-NYIVE | VAKPOSSITO,1.1588102180357074,6.227470793061823
_mview_finance_etablissements_banque.fid-7b1c8a4a_1943cbfe119_-4316,Grand Lomé,Agoè-Nyivé,Agoè-Nyivé 3,Vakpossito,VAKPOSSITO,Assilassime Solidarite Agence Vakpossito,Micro-Finance,En activité,True,AGOE-NYIVE,AGOE-NYIVE 3,AGOE-NYIVE | VAKPOSSITO,1.163551666666666,6.217833333333336
_mview_finance_etablissements_banque.fid-7b1c8a4a_1943cbfe119_-4315,Grand Lomé,Golfe,Golfe 4,Amoutivé,Awsivito,ORABANK Awsivito,Banque,Non renseigné,False,GOLFE,GOLFE 4,GOLFE | AMOUTIVE,1.2225614917085577,6.130712869496344
_mview_finance_etablissements_banque.fid-7b1c8a4a_1943cbfe119_-4314,Grand Lomé,Golfe,Golfe 4,Amoutivé,AMOUTIEVE,BIA Togo Amoutivé,Banque,Non renseigné,False,GOLFE,GOLFE 4,GOLFE | AMOUTIVE,1.2228141094151594,6.13506543409183
_mview_finance_etablissements_banque.fid-7b1c8a4a_1943cbfe119_-4313,Grand Lomé,Golfe,Golfe 4,Amoutivé,Hanoukopé,SUNU Bank Hanoukopé,Banque,Non renseigné,False,GOLFE,GOLFE 4,GOLFE | AMOUTIVE,1.2190643228780644,6.135189608577579
_mview_finance_etablissements_banque.fid-7b1c8a4a_1943cbfe119_-4312,Grand Lomé,Golfe,Golfe 4,Amoutivé,DOULASSAME,BIDC,Banque,Non renseigné,False,GOLFE,GOLFE 4,GOLFE | AMOUTIVE,1.2244005557775837,6.136271742995631
_mview_finance_etablissements_banque.fid-7b1c8a4a_1943cbfe119_-4311,Grand Lomé,Golfe,Golfe 4,Amoutivé,Kodjoviakopé,COFINA,Micro-Finance,Non renseigné,False,GOLFE,GOLFE 4,GOLFE | AMOUTIVE,1.2099160178596031,6.121898012826782
_mview_finance_etablissements_banque.fid-7b1c8a4a_1943cbfe119_-4310,Grand Lomé,Golfe,Golfe 1,Bè-Est,Dekon,CORIS Bank Dekon,Banque,Non renseigné,False,GOLFE,GOLFE 1,GOLFE | BE-EST,1.2356251122972515,6.133650520545244
_mview_finance_etablissements_banque.fid-7b1c8a4a_1943cbfe119_-430f,Grand Lomé,Golfe,Golfe 4,Amoutivé,ADAWALTO,BOA Adawalto,Banque,Non renseigné,False,GOLFE,GOLFE 4,GOLFE | AMOUTIVE,1.22426464353923,6.122767502988975
_mview_finance_etablissements_banque.fid-7b1c8a4a_1943cbfe119_-430e,Grand Lomé,Golfe,Golfe 3,Bè-Ouest,Attikoumé,FUCEC Togo Attikoumé,Micro-Finance,Non renseigné,False,GOLFE,GOLFE 3,GOLFE | BE-OUEST,1.2028448122307283,6.167350061998798
_mview_finance_etablissements_banque.fid-7b1c8a4a_1943cbfe119_-430d,Kara,Kéran,Kéran 1,Kantè,KANTE,Promo Finance Kanté,Micro-Finance,En activité,True,KERAN,KERAN 1,KERAN | KANTE,1.0474316666666665,9.947216666666668
_mview_finance_etablissements_banque.fid-7b1c8a4a_1943cbfe119_-430c,Grand Lomé,Agoè-Nyivé,Agoè-Nyivé 6,Adétikopé,ADETICOPE,Club Entraide Sans Frontiere Microfinance( CEF-MF),Micro-Finance,En activité,True,AGOE-NYIVE,AGOE-NYIVE 6,AGOE-NYIVE | ADETIKOPE,1.2177033333333331,6.324043333333334
_mview_finance_etablissements_banque.fid-7b1c8a4a_1943cbfe119_-430b,Grand Lomé,Agoè-Nyivé,Agoè-Nyivé 6,Adétikopé,ADETICOPE,SPT Adeticope,Banque,En activité,True,AGOE-NYIVE,AGOE-NYIVE 6,AGOE-NYIVE | ADETIKOPE,1.2168721067236126,6.3177049514139645
_mview_finance_etablissements_banque.fid-7b1c8a4a_1943cbfe119_-430a,Grand Lomé,Agoè-Nyivé,Agoè-Nyivé 6,Adétikopé,ADETICOPE,FEDES Togo,Micro-Finance,En activité,True,AGOE-NYIVE,AGOE-NYIVE 6,AGOE-NYIVE | ADETIKOPE,1.217698333333333,6.317366666666667
_mview_finance_etablissements_banque.fid-7b1c8a4a_1943cbfe119_-4309,Kara,Dankpen,Dankpen 1,Guérin-Kouka,GUÉRIN KOUKA,SPT Guerin Kouka,Banque,Non renseigné,False,DANKPEN,DANKPEN 1,DANKPEN | GUERIN-KOUKA,0.608898333333334,9.685076666666665
_mview_finance_etablissements_banque.fid-7b1c8a4a_1943cbfe119_-4308,Grand Lomé,Agoè-Nyivé,Agoè-Nyivé 1,Agoè-Nyivé,LOE 2000,ASJD LEO 2000,Micro-Finance,En activité,True,AGOE-NYIVE,AGOE-NYIVE 1,AGOE-NYIVE | AGOE-NYIVE,1.1770465339023344,6.211399000763923
_mview_finance_etablissements_banque.fid-7b1c8a4a_1943cbfe119_-4307,Grand Lomé,Agoè-Nyivé,Agoè-Nyivé 3,Vakpossito,VAKPOSITO,Microfinance Trinité,Micro-Finance,En activité,True,AGOE-NYIVE,AGOE-NYIVE 3,AGOE-NYIVE | VAKPOSSITO,1.1596863227492002,6.2185105658196385
_mview_finance_etablissements_banque.fid-7b1c8a4a_1943cbfe119_-4306,Grand Lomé,Agoè-Nyivé,Agoè-Nyivé 3,Vakpossito,VAKPOSITO,DSA Bank Vakpossito,Banque,En activité,True,AGOE-NYIVE,AGOE-NYIVE 3,AGOE-NYIVE | VAKPOSSITO,1.1593217627558794,6.219090565016318
_mview_finance_etablissements_banque.fid-7b1c8a4a_1943cbfe119_-4305,Grand Lomé,Agoè-Nyivé,Agoè-Nyivé 5,Sanguera,VAKPOSITO,Microfinance MEDAD,Micro-Finance,En activité,True,AGOE-NYIVE,AGOE-NYIVE 5,AGOE-NYIVE | SANGUERA,1.1525749999999995,6.218509999999998
_mview_finance_etablissements_banque.fid-7b1c8a4a_1943cbfe119_-4304,Grand Lomé,Agoè-Nyivé,Agoè-Nyivé 3,Vakpossito,VAKPOSITO,Microfinance Ardi-mec,Micro-Finance,En activité,True,AGOE-NYIVE,AGOE-NYIVE 3,AGOE-NYIVE | VAKPOSSITO,1.1607790281442616,6.2136982237047125
_mview_finance_etablissements_banque.fid-7b1c8a4a_1943cbfe119_-4303,Grand Lomé,Golfe,Golfe 5,Aflao-Gakli,VAKPOSITO,Microfinance COCEC,Micro-Finance,Non renseigné,False,GOLFE,GOLFE 5,GOLFE | AFLAO-GAKLI,1.1580462648295022,6.210326028711114
_mview_finance_etablissements_banque.fid-7b1c8a4a_1943cbfe119_-4302,Kara,Kéran,Kéran 1,Kantè,KANTE,SPT Kanté,Banque,En activité,True,KERAN,KERAN 1,KERAN | KANTE,1.0474900000000003,9.959381666666665
_mview_finance_etablissements_banque.fid-7b1c8a4a_1943cbfe119_-4301,Kara,Kéran,Kéran 1,Kantè,KANTE,FUCEC Togo Kante,Micro-Finance,En activité,True,KERAN,KERAN 1,KERAN | KANTE,1.0457083333333328,9.958663333333334
_mview_finance_etablissements_banque.fid-7b1c8a4a_1943cbfe119_-4300,Kara,Kéran,Kéran 1,Kantè,KANTE,SUNU Bank Kanté,Banque,En activité,True,KERAN,KERAN 1,KERAN | KANTE,1.053913333333333,9.957055000000002
_mview_finance_etablissements_banque.fid-7b1c8a4a_1943cbfe119_-42ff,Kara,Kéran,Kéran 1,Kantè,KANTE,MUFEC Kanté,Micro-Finance,En activité,True,KERAN,KERAN 1,KERAN | KANTE,1.048891666666666,9.958885
_mview_finance_etablissements_banque.fid-7b1c8a4a_1943cbfe119_-42fe,Maritime,Zio,Zio 2,Kovié,KOVIE,FECECAV Kovie,Micro-Finance,En activité,True,ZIO,ZIO 2,ZIO | KOVIE,1.107539923832058,6.341032485208888
_mview_finance_etablissements_banque.fid-7b1c8a4a_1943cbfe119_-42fd,Kara,Kéran,Kéran 1,Kantè,KANTE,ORABANK Kanté,Banque,En activité,True,KERAN,KERAN 1,KERAN | KANTE,1.0468766666666662,9.952220000000002
_mview_finance_etablissements_banque.fid-7b1c8a4a_1943cbfe119_-42fc,Kara,Kéran,Kéran 1,Kantè,KANTE,UTB Kante,Banque,En activité,True,KERAN,KERAN 1,KERAN | KANTE,1.046411666666666,9.958818333333333
_mview_finance_etablissements_banque.fid-7b1c8a4a_1943cbfe119_-42fb,Kara,Kozah,Kozah 2,Pya,LAO,UTB Pya,Banque,En activité,True,KOZAH,KOZAH 2,KOZAH | PYA,1.1466170222810699,9.6474589337942
_mview_finance_etablissements_banque.fid-7b1c8a4a_1943cbfe119_-42fa,Kara,Kozah,Kozah 2,Pya,AKEI,SPT Pya,Banque,En activité,True,KOZAH,KOZAH 2,KOZAH | PYA,1.1443566666666667,9.65284666666667
_mview_finance_etablissements_banque.fid-7b1c8a4a_1943cbfe119_-42f9,Kara,Kozah,Kozah 1,Commune De Kara,Ewoou,BOA Ewoou,Banque,En activité,True,KOZAH,KOZAH 1,KOZAH | COMMUNE DE KARA,1.1897493993518578,9.549259674086523
_mview_finance_etablissements_banque.fid-7b1c8a4a_1943cbfe119_-42f8,Kara,Kozah,Kozah 1,Commune De Kara,WELADE,SPT Welade,Banque,En activité,True,KOZAH,KOZAH 1,KOZAH | COMMUNE DE KARA,1.189634878046256,9.54998202102313
_mview_finance_etablissements_banque.fid-7b1c8a4a_1943cbfe119_-42f7,Kara,Kozah,Kozah 1,Commune De Kara,Patascom,CAVEC Lidaw,Micro-Finance,En activité,True,KOZAH,KOZAH 1,KOZAH | COMMUNE DE KARA,1.189143436142396,9.54471760300309
_mview_finance_etablissements_banque.fid-7b1c8a4a_1943cbfe119_-42f6,Kara,Kozah,Kozah 1,Commune De Kara,Cofake,CORIS Bank Cofake,Banque,En activité,True,KOZAH,KOZAH 1,KOZAH | COMMUNE DE KARA,1.196452446855992,9.54879200653476
_mview_finance_etablissements_banque.fid-7b1c8a4a_1943cbfe119_-42f5,Kara,Kozah,Kozah 1,Commune De Kara,Ewowou,BIA Togo Ewonou,Banque,Non renseigné,False,KOZAH,KOZAH 1,KOZAH | COMMUNE DE KARA,1.1925355239357285,9.54734474775011
_mview_finance_etablissements_banque.fid-7b1c8a4a_1943cbfe119_-42f4,Kara,Kozah,Kozah 1,Commune De Kara,COFAC,SPT Cofac,Banque,En activité,True,KOZAH,KOZAH 1,KOZAH | COMMUNE DE KARA,1.1948716666666663,9.548288333333334
_mview_finance_etablissements_banque.fid-7b1c8a4a_1943cbfe119_-42f3,Kara,Kozah,Kozah 1,Commune De Kara,Ewoou,ORABANK Ewoou,Banque,En activité,True,KOZAH,KOZAH 1,KOZAH | COMMUNE DE KARA,1.189048978348377,9.55054805998585
_mview_finance_etablissements_banque.fid-7b1c8a4a_1943cbfe119_-42f2,Kara,Kozah,Kozah 1,Commune De Kara,EWOOU,NSIA Banque Ewoou,Banque,En activité,True,KOZAH,KOZAH 1,KOZAH | COMMUNE DE KARA,1.1902546966948893,9.54791851272773
_mview_finance_etablissements_banque.fid-7b1c8a4a_1943cbfe119_-42f1,Kara,Kozah,Kozah 1,Commune De Kara,EWOOU,ECOBANK Ewoou,Banque,En activité,True,KOZAH,KOZAH 1,KOZAH | COMMUNE DE KARA,1.1899261329472668,9.548949901652454
_mview_finance_etablissements_banque.fid-7b1c8a4a_1943cbfe119_-42f0,Kara,Kozah,Kozah 1,Commune De Kara,KPINGNING-BOUA,Banque Atlantique Kpingning-Boua,Banque,En activité,True,KOZAH,KOZAH 1,KOZAH | COMMUNE DE KARA,1.1891291021417325,9.550378425580172
_mview_finance_etablissements_banque.fid-7b1c8a4a_1943cbfe119_-42ef,Kara,Assoli,Assoli 1,Bafilo,KIAYAKOUDJO,Cef Microfinance Bafilo,Micro-Finance,En activité,True,ASSOLI,ASSOLI 1,ASSOLI | BAFILO,1.2453006548593477,9.35139418329441
_mview_finance_etablissements_banque.fid-7b1c8a4a_1943cbfe119_-42ee,Kara,Assoli,Assoli 1,Bafilo,N'KASSAIDE,SPT Bafilo,Banque,En activité,True,ASSOLI,ASSOLI 1,ASSOLI | BAFILO,1.2426567541740527,9.35663883344696
_mview_finance_etablissements_banque.fid-7b1c8a4a_1943cbfe119_-42ed,Kara,Assoli,Assoli 1,Bafilo,N'KASSAIDE,COOPEC Ariziki,Micro-Finance,En activité,True,ASSOLI,ASSOLI 1,ASSOLI | BAFILO,1.2419550000000001,9.35788333333333
_mview_finance_etablissements_banque.fid-7b1c8a4a_1943cbfe119_-42ec,Kara,Kozah,Kozah 1,Commune De Kara,LAMA,COMEC Kara Camp Général Ameyi,Micro-Finance,En activité,True,KOZAH,KOZAH 1,KOZAH | COMMUNE DE KARA,1.1779250000000006,9.570435000000002
_mview_finance_etablissements_banque.fid-7b1c8a4a_1943cbfe119_-42eb,Kara,Kozah,Kozah 1,Commune De Kara,Kpemboa,UTB Kara,Banque,En activité,True,KOZAH,KOZAH 1,KOZAH | COMMUNE DE KARA,1.183997811949712,9.557224354969133
_mview_finance_etablissements_banque.fid-7b1c8a4a_1943cbfe119_-42ea,Kara,Assoli,Assoli 1,Bafilo,N'KASSAIDE,Promofinance Bafilo,Micro-Finance,En activité,True,ASSOLI,ASSOLI 1,ASSOLI | BAFILO,1.2436866666666664,9.353026666666667
_mview_finance_etablissements_banque.fid-7b1c8a4a_1943cbfe119_-42e9,Kara,Assoli,Assoli 1,Bafilo,N'KASSAIDE,MUCAD Bafilo,Micro-Finance,En activité,True,ASSOLI,ASSOLI 1,ASSOLI | BAFILO,1.2439943257280484,9.354090029712957
_mview_finance_etablissements_banque.fid-7b1c8a4a_1943cbfe119_-42e8,Kara,Kozah,Kozah 1,Commune De Kara,EWAOU,ORABANK Ewaou,Banque,En activité,True,KOZAH,KOZAH 1,KOZAH | COMMUNE DE KARA,1.1864912624891424,9.549658000938427
_mview_finance_etablissements_banque.fid-7b1c8a4a_1943cbfe119_-42e7,Kara,Kozah,Kozah 2,Pya,TENOUYO,Promofinance Ténouyo,Micro-Finance,En activité,True,KOZAH,KOZAH 2,KOZAH | PYA,1.1517513630564027,9.662645505430786
_mview_finance_etablissements_banque.fid-7b1c8a4a_1943cbfe119_-42e6,Kara,Kozah,Kozah 2,Pya,Djamdè,SUNU Bank Pya,Banque,En activité,True,KOZAH,KOZAH 2,KOZAH | PYA,1.1563300000000003,9.667835000000002
_mview_finance_etablissements_banque.fid-7b1c8a4a_1943cbfe119_-42e5,Kara,Dankpen,Dankpen 1,Guérin-Kouka,GUÉRIN KOUKA,Assoli,Micro-Finance,En activité,True,DANKPEN,DANKPEN 1,DANKPEN | GUERIN-KOUKA,0.6067900000000003,9.687836666666666
_mview_finance_etablissements_banque.fid-7b1c8a4a_1943cbfe119_-42e4,Kara,Assoli,Assoli 1,Bafilo,DIDAOURE,COOPEC ADESEM Bafilo,Micro-Finance,En activité,True,ASSOLI,ASSOLI 1,ASSOLI | BAFILO,1.2473149999999997,9.350101666666665
_mview_finance_etablissements_banque.fid-7b1c8a4a_1943cbfe119_-42e3,Kara,Doufelgou,Doufelgou 1,Niamtougou,NIAMTOUGOU,Fonds Social de Solidarite,Micro-Finance,Fermé / abandonné,False,DOUFELGOU,DOUFELGOU 1,DOUFELGOU | NIAMTOUGOU,1.1088002784319735,9.765915934646783
_mview_finance_etablissements_banque.fid-7b1c8a4a_1943cbfe119_-42e2,Kara,Assoli,Assoli 1,Bafilo,KPARATAO,SUNU Bank Bafilo,Banque,En activité,True,ASSOLI,ASSOLI 1,ASSOLI | BAFILO,1.2465922377779206,9.363648840406382
_mview_finance_etablissements_banque.fid-7b1c8a4a_1943cbfe119_-42e1,Kara,Kozah,Kozah 1,Commune De Kara,Tomdè,Promo Finance Kara,Micro-Finance,En activité,True,KOZAH,KOZAH 1,KOZAH | COMMUNE DE KARA,1.1903350000000001,9.549825
_mview_finance_etablissements_banque.fid-7b1c8a4a_1943cbfe119_-42e0,Kara,Kozah,Kozah 1,Commune De Kara,EWAOU,MUFEC Lama,Micro-Finance,Non renseigné,False,KOZAH,KOZAH 1,KOZAH | COMMUNE DE KARA,1.193238333333333,9.545616666666666
_mview_finance_etablissements_banque.fid-7b1c8a4a_1943cbfe119_-42df,Kara,Kozah,Kozah 1,Commune De Kara,N/a,FUCEC Togo Kara,Micro-Finance,Non renseigné,False,KOZAH,KOZAH 1,KOZAH | COMMUNE DE KARA,1.1895597196310685,9.54599481642617
_mview_finance_etablissements_banque.fid-7b1c8a4a_1943cbfe119_-42de,Kara,Kozah,Kozah 1,Commune De Kara,TOMDE,Promo Finance Tomdè,Micro-Finance,En activité,True,KOZAH,KOZAH 1,KOZAH | COMMUNE DE KARA,1.1929045224519192,9.55893971986101
_mview_finance_etablissements_banque.fid-7b1c8a4a_1943cbfe119_-42dd,Kara,Dankpen,Dankpen 1,Guérin-Kouka,GUÉRIN kouka,Promofinance Guérin Kouka,Micro-Finance,En activité,True,DANKPEN,DANKPEN 1,DANKPEN | GUERIN-KOUKA,0.607913217071084,9.691299545076577
_mview_finance_etablissements_banque.fid-7b1c8a4a_1943cbfe119_-42dc,Kara,Dankpen,Dankpen 1,Guérin-Kouka,GUÉRIN KOUKA,FUCEC Togo Guérin Kouka,Micro-Finance,En activité,True,DANKPEN,DANKPEN 1,DANKPEN | GUERIN-KOUKA,0.6076439852015187,9.690883015666522
_mview_finance_etablissements_banque.fid-7b1c8a4a_1943cbfe119_-42db,Kara,Dankpen,Dankpen 1,Guérin-Kouka,GUÉRIN KOUKA,SUNU Bank Guerin kouka,Banque,En activité,True,DANKPEN,DANKPEN 1,DANKPEN | GUERIN-KOUKA,0.607948302392737,9.69098657157564
_mview_finance_etablissements_banque.fid-7b1c8a4a_1943cbfe119_-42da,Kara,Binah,Binah 1,Pagouda,KODE,COOPEC Pagouda,Micro-Finance,En activité,True,BINAH,BINAH 1,BINAH | PAGOUDA,1.3282716666666663,9.753071666666667
_mview_finance_etablissements_banque.fid-7b1c8a4a_1943cbfe119_-42d9,Kara,Dankpen,Dankpen 1,Guérin-Kouka,GUÉRIN KOUKA,MUCAD Guérin Kouka,Micro-Finance,En activité,True,DANKPEN,DANKPEN 1,DANKPEN | GUERIN-KOUKA,0.6089583333333335,9.686661666666668
_mview_finance_etablissements_banque.fid-7b1c8a4a_1943cbfe119_-42d8,Kara,Dankpen,Dankpen 1,Guérin-Kouka,GUÉRIN KOUKA,UTB Guérin Kouka,Banque,En activité,True,DANKPEN,DANKPEN 1,DANKPEN | GUERIN-KOUKA,0.608206666666666,9.68979833333333
_mview_finance_etablissements_banque.fid-7b1c8a4a_1943cbfe119_-42d7,Kara,Binah,Binah 2,Kétao,KETAO,Micro-finance UMECTO,Micro-Finance,En activité,True,BINAH,BINAH 2,BINAH | KETAO,1.3071466666666665,9.656716666666666
_mview_finance_etablissements_banque.fid-7b1c8a4a_1943cbfe119_-42d6,Kara,Binah,Binah 2,Kétao,KETAO,FUCEC Togo Ketao,Micro-Finance,En activité,True,BINAH,BINAH 2,BINAH | KETAO,1.3053182226434377,9.660192574355834
_mview_finance_etablissements_banque.fid-7b1c8a4a_1943cbfe119_-42d5,Kara,Binah,Binah 2,Kétao,KETAO,SUNU Bank Ketao,Banque,En activité,True,BINAH,BINAH 2,BINAH | KETAO,1.3092182485343231,9.658283091634447
_mview_finance_etablissements_banque.fid-7b1c8a4a_1943cbfe119_-42d4,Kara,Binah,Binah 2,Kétao,KETAO,SPT Ketao,Banque,En activité,True,BINAH,BINAH 2,BINAH | KETAO,1.308253590411621,9.6589212950631
_mview_finance_etablissements_banque.fid-7b1c8a4a_1943cbfe119_-42d3,Kara,Binah,Binah 2,Kétao,KETAO,UTB Ketao,Banque,En activité,True,BINAH,BINAH 2,BINAH | KETAO,1.3089801819764006,9.65898470765692
_mview_finance_etablissements_banque.fid-7b1c8a4a_1943cbfe119_-42d2,Kara,Binah,Binah 2,Kétao,KETAO,Promofinace de Ketao,Micro-Finance,En activité,True,BINAH,BINAH 2,BINAH | KETAO,1.3103669654981691,9.66116912180659
_mview_finance_etablissements_banque.fid-7b1c8a4a_1943cbfe119_-42d1,Kara,Binah,Binah 1,Pagouda,PAGOUDA,SPT Pagouda,Banque,En activité,True,BINAH,BINAH 1,BINAH | PAGOUDA,1.325414215878476,9.750391631457337
_mview_finance_etablissements_banque.fid-7b1c8a4a_1943cbfe119_-42d0,Kara,Binah,Binah 2,Kétao,KETAO,Microfinance MUCAD Ketao,Micro-Finance,En activité,True,BINAH,BINAH 2,BINAH | KETAO,1.3090748377137882,9.657653968012646
_mview_finance_etablissements_banque.fid-7b1c8a4a_1943cbfe119_-42cf,Kara,Bassar,Bassar 1,Bassar,BIKOUDJIBA,SUNU Bank Bassar,Banque,En activité,True,BASSAR,BASSAR 1,BASSAR | BASSAR,0.7837097037461499,9.258141930199507
_mview_finance_etablissements_banque.fid-7b1c8a4a_1943cbfe119_-42ce,Kara,Bassar,Bassar 1,Bassar,BANIDA,ORABANK Togo Bassar,Banque,En activité,True,BASSAR,BASSAR 1,BASSAR | BASSAR,0.7851603845733981,9.257071105452901
_mview_finance_etablissements_banque.fid-7b1c8a4a_1943cbfe119_-42cd,Kara,Bassar,Bassar 1,Bassar,BANIDA,UTB Bassar,Banque,En activité,True,BASSAR,BASSAR 1,BASSAR | BASSAR,0.7814020907649645,9.262254004092847
_mview_finance_etablissements_banque.fid-7b1c8a4a_1943cbfe119_-42cc,Kara,Bassar,Bassar 1,Bassar,BASSAR,SPT Bassar,Banque,En activité,True,BASSAR,BASSAR 1,BASSAR | BASSAR,0.7793183333333322,9.262185
_mview_finance_etablissements_banque.fid-7b1c8a4a_1943cbfe119_-42cb,Kara,Bassar,Bassar 1,Bassar,KITAGBAO,COOPEC AD Bassar,Micro-Finance,En activité,True,BASSAR,BASSAR 1,BASSAR | BASSAR,0.7796333333333333,9.264693333333335
_mview_finance_etablissements_banque.fid-7b1c8a4a_1943cbfe119_-42ca,Kara,Bassar,Bassar 1,Bassar,BASSAR,URCLEC Bassar,Micro-Finance,En activité,True,BASSAR,BASSAR 1,BASSAR | BASSAR,0.7789651095010675,9.261451216466083
_mview_finance_etablissements_banque.fid-7b1c8a4a_1943cbfe119_-42c9,Kara,Bassar,Bassar 2,Bangeli,BANGELI,COOPEC ADESEM Bangeli,Micro-Finance,En activité,True,BASSAR,BASSAR 2,BASSAR | BANGELI,0.62418,9.422103333333332
_mview_finance_etablissements_banque.fid-7b1c8a4a_1943cbfe119_-42c8,Kara,Bassar,Bassar 2,Bangeli,BANGELI,SPT Bangeli,Banque,En activité,True,BASSAR,BASSAR 2,BASSAR | BANGELI,0.6246133333333327,9.422101666666668
_mview_finance_etablissements_banque.fid-7b1c8a4a_1943cbfe119_-42c7,Savanes,Oti,Oti 1,Mango,MANGO,SUNU Mango,Banque,En activité,True,OTI,OTI 1,OTI | MANGO,0.4704628173648756,10.354379899748068
_mview_finance_etablissements_banque.fid-7b1c8a4a_1943cbfe119_-42c6,Kara,Bassar,Bassar 3,Kabou,SANKPANA,COOPEC ADESEM Sankpana,Micro-Finance,En activité,True,BASSAR,BASSAR 3,BASSAR | KABOU,0.8176699999999999,9.455804999999998
_mview_finance_etablissements_banque.fid-7b1c8a4a_1943cbfe119_-42c5,Maritime,Avé,Avé 1,Assahoun,ASSAHOUN,UTB Assahoun,Banque,En activité,True,AVE,AVE 1,AVE | ASSAHOUN,0.9095906393193487,6.456482289715696
_mview_finance_etablissements_banque.fid-7b1c8a4a_1943cbfe119_-42c4,Kara,Bassar,Bassar 3,Kabou,Kabou,FUCEC Togo Kabou,Micro-Finance,En activité,True,BASSAR,BASSAR 3,BASSAR | KABOU,0.8109583333333329,9.454095
_mview_finance_etablissements_banque.fid-7b1c8a4a_1943cbfe119_-42c3,Kara,Bassar,Bassar 3,Kabou,KABOU MARCHE,BTCI Kabou,Banque,En activité,True,BASSAR,BASSAR 3,BASSAR | KABOU,0.813139962823082,9.456295504129102
_mview_finance_etablissements_banque.fid-7b1c8a4a_1943cbfe119_-42c2,Kara,Bassar,Bassar 1,Bassar,BANIDA,COOPEC Bilimon Bassar,Micro-Finance,En activité,True,BASSAR,BASSAR 1,BASSAR | BASSAR,0.7829177879262712,9.259053265635966
_mview_finance_etablissements_banque.fid-7b1c8a4a_1943cbfe119_-42c1,Kara,Doufelgou,Doufelgou 3,Alloum,BROUKOU,MEC-D Broukou,Micro-Finance,En activité,True,DOUFELGOU,DOUFELGOU 3,DOUFELGOU | ALLOUM,0.9212603058598731,9.738439456101142
_mview_finance_etablissements_banque.fid-7b1c8a4a_1943cbfe119_-42c0,Kara,Doufelgou,Doufelgou 1,Niamtougou,NIANTOUGOU,BTCI Niamtougou,Banque,En activité,True,DOUFELGOU,DOUFELGOU 1,DOUFELGOU | NIAMTOUGOU,1.10898,9.765265000000003
_mview_finance_etablissements_banque.fid-7b1c8a4a_1943cbfe119_-42bf,Kara,Doufelgou,Doufelgou 1,Siou,BIRGOU,MEC-D  Siou,Micro-Finance,En activité,True,DOUFELGOU,DOUFELGOU 1,DOUFELGOU | SIOU,1.2002383333333335,9.821415000000002
_mview_finance_etablissements_banque.fid-7b1c8a4a_1943cbfe119_-42be,Kara,Doufelgou,Doufelgou 2,Défalé,N/a,MEC-D de defale,Micro-Finance,En activité,True,DOUFELGOU,DOUFELGOU 2,DOUFELGOU | DEFALE,1.0905210478622869,9.865460748016316
_mview_finance_etablissements_banque.fid-7b1c8a4a_1943cbfe119_-42bd,Kara,Doufelgou,Doufelgou 1,Niamtougou,YARKATIOUTE,SUNU Bank Niamtougou,Banque,En activité,True,DOUFELGOU,DOUFELGOU 1,DOUFELGOU | NIAMTOUGOU,1.1073076816539842,9.761561464617033
_mview_finance_etablissements_banque.fid-7b1c8a4a_1943cbfe119_-42bc,Kara,Doufelgou,Doufelgou 3,Alloum,BROUKOU,Promofinance Broukou,Micro-Finance,En activité,True,DOUFELGOU,DOUFELGOU 3,DOUFELGOU | ALLOUM,0.9215777363608129,9.73983174900369
_mview_finance_etablissements_banque.fid-7b1c8a4a_1943cbfe119_-42bb,Kara,Doufelgou,Doufelgou 3,Alloum,BROUKOU,COOPEC Niamtougou,Micro-Finance,En activité,True,DOUFELGOU,DOUFELGOU 3,DOUFELGOU | ALLOUM,0.9202392697524872,9.740067313310163
_mview_finance_etablissements_banque.fid-7b1c8a4a_1943cbfe119_-42ba,Kara,Doufelgou,Doufelgou 1,Niamtougou,NIANTOUGOU,COOPEC Niantougou,Micro-Finance,En activité,True,DOUFELGOU,DOUFELGOU 1,DOUFELGOU | NIAMTOUGOU,1.1068379097221857,9.764061326431086
_mview_finance_etablissements_banque.fid-7b1c8a4a_1943cbfe119_-42b9,Kara,Doufelgou,Doufelgou 1,Niamtougou,KOKA YAKA,C.P.D.E.N.D.F,Micro-Finance,En activité,True,DOUFELGOU,DOUFELGOU 1,DOUFELGOU | NIAMTOUGOU,1.1127885069350079,9.773433803190711
_mview_finance_etablissements_banque.fid-7b1c8a4a_1943cbfe119_-42b8,Kara,Doufelgou,Doufelgou 1,Niamtougou,Total NIAMTOUGOU,Mec-d Niamtougou,Micro-Finance,En activité,True,DOUFELGOU,DOUFELGOU 1,DOUFELGOU | NIAMTOUGOU,1.1074411232945585,9.765029259233224
_mview_finance_etablissements_banque.fid-7b1c8a4a_1943cbfe119_-42b7,Kara,Kozah,Kozah 1,Commune De Kara,Ewao,Sanlam Kara,Assurance,En activité,True,KOZAH,KOZAH 1,KOZAH | COMMUNE DE KARA,1.1969616674093926,9.545288813776803
_mview_finance_etablissements_banque.fid-7b1c8a4a_1943cbfe119_-42b6,Kara,Kozah,Kozah 1,Commune De Kara,Gbiyinboua,GTA Assurance Gbiyinboua,Assurance,En activité,True,KOZAH,KOZAH 1,KOZAH | COMMUNE DE KARA,1.1891039895249098,9.550400130426782
_mview_finance_etablissements_banque.fid-7b1c8a4a_1943cbfe119_-42b5,Kara,Kozah,Kozah 1,Commune De Kara,Cofak,Fidelia Assurance Kara,Assurance,En activité,True,KOZAH,KOZAH 1,KOZAH | COMMUNE DE KARA,1.1921138803668052,9.547881785245085
_mview_finance_etablissements_banque.fid-7b1c8a4a_1943cbfe119_-42b4,Kara,Kozah,Kozah 1,Commune De Kara,NSP,NSIA Assurance Kara,Assurance,En activité,True,KOZAH,KOZAH 1,KOZAH | COMMUNE DE KARA,1.1878516666666663,9.551905000000003
_mview_finance_etablissements_banque.fid-7b1c8a4a_1943cbfe119_-42b3,Kara,Kozah,Kozah 1,Commune De Kara,Chaminade,Prudential Beneficial Assurance,Assurance,Non renseigné,False,KOZAH,KOZAH 1,KOZAH | COMMUNE DE KARA,1.1917208238563899,9.55916039834308
_mview_finance_etablissements_banque.fid-7b1c8a4a_1943cbfe119_-42b2,Kara,Kozah,Kozah 1,Commune De Kara,N/a,SUNU Assurance Vie,Assurance,En activité,True,KOZAH,KOZAH 1,KOZAH | COMMUNE DE KARA,1.1833899999999993,9.558608333333334
_mview_finance_etablissements_banque.fid-7b1c8a4a_1943cbfe119_-42b1,Kara,Kozah,Kozah 1,Commune De Kara,CHAMINADE,SUNU Assurance Iard,Assurance,En activité,True,KOZAH,KOZAH 1,KOZAH | COMMUNE DE KARA,1.188863333333333,9.551063333333333
_mview_finance_etablissements_banque.fid-7b1c8a4a_1943cbfe119_-42b0,Kara,Bassar,Bassar 1,Bassar,BASSAR,Fidelia Assurance Bassar,Assurance,En activité,True,BASSAR,BASSAR 1,BASSAR | BASSAR,0.7856599999999997,9.264446666666668
_mview_finance_etablissements_banque.fid-7b1c8a4a_1943cbfe119_-42af,Kara,Bassar,Bassar 1,Bassar,BASSAR,Promo Finance Bassar,Micro-Finance,En activité,True,BASSAR,BASSAR 1,BASSAR | BASSAR,0.7741283333333334,9.262161666666668
_mview_finance_etablissements_banque.fid-7b1c8a4a_1943cbfe119_-42ae,Kara,Kozah,Kozah 1,Commune De Kara,Chaminade,SUNU Bank Chaminade,Banque,En activité,True,KOZAH,KOZAH 1,KOZAH | COMMUNE DE KARA,1.183396916780646,9.558597093564781
_mview_finance_etablissements_banque.fid-7b1c8a4a_1943cbfe119_-42ad,Kara,Kozah,Kozah 1,Commune De Kara,COFAC,BSIC Kara,Banque,En activité,True,KOZAH,KOZAH 1,KOZAH | COMMUNE DE KARA,1.1922233333333339,9.548170000000002
_mview_finance_etablissements_banque.fid-7b1c8a4a_1943cbfe119_-42ac,Maritime,Zio,Zio 1,Djagblé,DJAGBLE,COCEC Djagble,Micro-Finance,En activité,True,ZIO,ZIO 1,ZIO | DJAGBLE,1.2827549999999999,6.254643333333335
_mview_finance_etablissements_banque.fid-7b1c8a4a_1943cbfe119_-42ab,Maritime,Zio,Zio 3,Gamé-Sèva,AVEDZE,Mutuelle Villageoise de developpement de Avedze,Micro-Finance,En activité,True,ZIO,ZIO 3,ZIO | GAME-SEVA,1.238830357308717,6.672092766562961
_mview_finance_etablissements_banque.fid-7b1c8a4a_1943cbfe119_-42aa,Maritime,Yoto,Yoto 1,Tabligbo,TABLIGBO,SUNU Bank Tagbligbo,Banque,En activité,True,YOTO,YOTO 1,YOTO | TABLIGBO,1.5012799999999997,6.592006666666667
_mview_finance_etablissements_banque.fid-7b1c8a4a_1943cbfe119_-42a9,Maritime,Yoto,Yoto 1,Tabligbo,TABLIGBO,COOPEC-AD Tagbligbo,Micro-Finance,En activité,True,YOTO,YOTO 1,YOTO | TABLIGBO,1.500261666666667,6.589533333333335
_mview_finance_etablissements_banque.fid-7b1c8a4a_1943cbfe119_-42a8,Maritime,Yoto,Yoto 1,Tabligbo,TABLIGBO,Mutuelle Akwaba Tagbligbo,Micro-Finance,En activité,True,YOTO,YOTO 1,YOTO | TABLIGBO,1.4957404469606597,6.588998754943864
_mview_finance_etablissements_banque.fid-7b1c8a4a_1943cbfe119_-42a7,Maritime,Yoto,Yoto 1,Tabligbo,TABLIGBO,UTB Tagbligbo,Banque,En activité,True,YOTO,YOTO 1,YOTO | TABLIGBO,1.4940933333333333,6.588850000000002
_mview_finance_etablissements_banque.fid-7b1c8a4a_1943cbfe119_-42a6,Maritime,Yoto,Yoto 1,Tabligbo,TABLIGBO,Banque Atlantique Tagbligbo,Banque,En activité,True,YOTO,YOTO 1,YOTO | TABLIGBO,1.5106866666666663,6.58045
_mview_finance_etablissements_banque.fid-7b1c8a4a_1943cbfe119_-42a5,Maritime,Yoto,Yoto 1,Tabligbo,TABLIGBO,UMECTO Tagbligbo,Micro-Finance,En activité,True,YOTO,YOTO 1,YOTO | TABLIGBO,1.4988783333333335,6.589511666666668
_mview_finance_etablissements_banque.fid-7b1c8a4a_1943cbfe119_-42a4,Maritime,Yoto,Yoto 2,Ahépé,AHEPE,UMECTO Ahepe,Micro-Finance,En activité,True,YOTO,YOTO 2,YOTO | AHEPE,1.3961916666666665,6.6063616666666665
_mview_finance_etablissements_banque.fid-7b1c8a4a_1943cbfe119_-42a3,Maritime,Yoto,Yoto 2,Ahépé,AHEPE,Mutuelle Akwaba Agence Annexe,Micro-Finance,En activité,True,YOTO,YOTO 2,YOTO | AHEPE,1.3941233333333327,6.604326666666667
_mview_finance_etablissements_banque.fid-7b1c8a4a_1943cbfe119_-42a2,Maritime,Yoto,Yoto 2,Tchékpo,TCHEKPO,FUCEC Togo -Togo (guichet de Tchekpo ),Micro-Finance,En activité,True,YOTO,YOTO 2,YOTO | TCHEKPO,1.3589116666666667,6.533866666666665
_mview_finance_etablissements_banque.fid-7b1c8a4a_1943cbfe119_-42a1,Maritime,Yoto,Yoto 2,Tchékpo,TCHEKPO,Mutuelle Akwaba Guichet de Tchekpo,Micro-Finance,En activité,True,YOTO,YOTO 2,YOTO | TCHEKPO,1.3603983333333334,6.536853333333333
_mview_finance_etablissements_banque.fid-7b1c8a4a_1943cbfe119_-42a0,Maritime,Yoto,Yoto 2,Ahépé,AHEPE,FUCEC Togo Ahépé,Micro-Finance,En activité,True,YOTO,YOTO 2,YOTO | AHEPE,1.3975900000000003,6.605745000000001
_mview_finance_etablissements_banque.fid-7b1c8a4a_1943cbfe119_-429f,Maritime,Yoto,Yoto 1,Tabligbo,TABLIGBO,SPT Tagbligbo,Banque,En activité,True,YOTO,YOTO 1,YOTO | TABLIGBO,1.5004100000000002,6.588474999999998
_mview_finance_etablissements_banque.fid-7b1c8a4a_1943cbfe119_-429e,Maritime,Yoto,Yoto 2,Ahépé,AHEPE,SPT Ahepe,Banque,En activité,True,YOTO,YOTO 2,YOTO | AHEPE,1.3964700000000003,6.607158333333333
_mview_finance_etablissements_banque.fid-7b1c8a4a_1943cbfe119_-429d,Maritime,Yoto,Yoto 1,Kouvé,KOUVE,COOPEC Kouve,Micro-Finance,En activité,True,YOTO,YOTO 1,YOTO | KOUVE,1.413443333333334,6.662139999999999
_mview_finance_etablissements_banque.fid-7b1c8a4a_1943cbfe119_-429c,Maritime,Yoto,Yoto 1,Kouvé,KOUVE ATSAPE,Mutuelle Akwaba Kouvé Atsapé,Micro-Finance,En activité,True,YOTO,YOTO 1,YOTO | KOUVE,1.412469999999999,6.663051666666666
_mview_finance_etablissements_banque.fid-7b1c8a4a_1943cbfe119_-429b,Maritime,Yoto,Yoto 1,Tabligbo,TABLIGBO,FUCEC Togo Tabligbo,Micro-Finance,En activité,True,YOTO,YOTO 1,YOTO | TABLIGBO,1.5007683333333335,6.587079999999999
_mview_finance_etablissements_banque.fid-7b1c8a4a_1943cbfe119_-429a,Maritime,Zio,Zio 1,Tsévié,TSEVIE,FUCEC Togo COOPEC Tsevie,Micro-Finance,Non renseigné,False,ZIO,ZIO 1,ZIO | TSEVIE,1.2160345099598362,6.424629719549638
_mview_finance_etablissements_banque.fid-7b1c8a4a_1943cbfe119_-4299,Maritime,Zio,Zio 2,Mission-Tové,Kpeme,Cooperative Solidarite Agricole Centre la Pauvreté,Micro-Finance,En activité,True,ZIO,ZIO 2,ZIO | MISSION-TOVE,1.1248683611403556,6.321683745336598
_mview_finance_etablissements_banque.fid-7b1c8a4a_1943cbfe119_-4298,Maritime,Zio,Zio 1,Tsévié,TSEVIE,UTB Tsevie,Banque,En activité,True,ZIO,ZIO 1,ZIO | TSEVIE,1.2128466666666666,6.423501666666669
_mview_finance_etablissements_banque.fid-7b1c8a4a_1943cbfe119_-4297,Maritime,Yoto,Yoto 3,Gboto,GBOTO  ZEVE,Tsonakle,Micro-Finance,En activité,True,YOTO,YOTO 3,YOTO | GBOTO,1.4765249942202656,6.7053718995275595
_mview_finance_etablissements_banque.fid-7b1c8a4a_1943cbfe119_-4296,Maritime,Yoto,Yoto 3,Gboto,GBOTO VODOUPE,ADCB-CREC,Micro-Finance,En activité,True,YOTO,YOTO 3,YOTO | GBOTO,1.529971666666667,6.675221666666665
_mview_finance_etablissements_banque.fid-7b1c8a4a_1943cbfe119_-4295,Maritime,Zio,Zio 1,Tsévié,TSEVIE,WAGES Tsévié,Micro-Finance,En activité,True,ZIO,ZIO 1,ZIO | TSEVIE,1.2112870881548377,6.43694116781951
_mview_finance_etablissements_banque.fid-7b1c8a4a_1943cbfe119_-4294,Maritime,Zio,Zio 1,Tsévié,TSEVIE,UMECTO Tsévié,Micro-Finance,Non renseigné,False,ZIO,ZIO 1,ZIO | TSEVIE,1.2107380941624881,6.437543162266772
_mview_finance_etablissements_banque.fid-7b1c8a4a_1943cbfe119_-4293,Maritime,Zio,Zio 1,Djagblé,DJAGBLE,COOPEC la Fructueuse,Micro-Finance,En activité,True,ZIO,ZIO 1,ZIO | DJAGBLE,1.2777675648911706,6.248924096380966
_mview_finance_etablissements_banque.fid-7b1c8a4a_1943cbfe119_-4292,Maritime,Zio,Zio 1,Dalavé,ADANGBE,Mutuelle Akwaba Adangbe,Micro-Finance,En activité,True,ZIO,ZIO 1,ZIO | DALAVE,1.271555033349037,6.402118341535273
_mview_finance_etablissements_banque.fid-7b1c8a4a_1943cbfe119_-4291,Maritime,Zio,Zio 1,Tsévié,TSEVIE,Mutuelle Akwaba Tsévié,Micro-Finance,Non renseigné,False,ZIO,ZIO 1,ZIO | TSEVIE,1.2089566666666665,6.408478333333334
_mview_finance_etablissements_banque.fid-7b1c8a4a_1943cbfe119_-4290,Maritime,Zio,Zio 1,Tsévié,N'dayi,FECECAV la Grâce,Micro-Finance,Non renseigné,False,ZIO,ZIO 1,ZIO | TSEVIE,1.2096783333333332,6.424116666666666
_mview_finance_etablissements_banque.fid-7b1c8a4a_1943cbfe119_-428f,Maritime,Vo,Vo 4,Akoumapé,AKOUMAPE,Coopérative des Femmes Pour L'epargne et de Crédit,Micro-Finance,En activité,True,VO,VO 4,VO | AKOUMAPE,1.4332699999999996,6.383346666666666
_mview_finance_etablissements_banque.fid-7b1c8a4a_1943cbfe119_-428e,Maritime,Avé,Avé 1,Kévé,LATIN,SPT Keve,Banque,En activité,True,AVE,AVE 1,AVE | KEVE,0.9242519550209953,6.435462033465573
_mview_finance_etablissements_banque.fid-7b1c8a4a_1943cbfe119_-428d,Maritime,Bas-Mono,Bas-Mono 1,Afagnangan,N/a,COOPEC Afagnan,Micro-Finance,En activité,True,BAS-MONO,BAS-MONO 1,BAS-MONO | AFAGNANGAN,1.6270983717941225,6.4958124421382895
_mview_finance_etablissements_banque.fid-7b1c8a4a_1943cbfe119_-428c,Maritime,Avé,Avé 1,Kévé,TOPEME,FUCEC Togo Topeme,Micro-Finance,En activité,True,AVE,AVE 1,AVE | KEVE,0.9307392946149826,6.4308190065469475
_mview_finance_etablissements_banque.fid-7b1c8a4a_1943cbfe119_-428b,Maritime,Avé,Avé 1,Kévé,KEVE,COOPEC AD Kévé,Micro-Finance,En activité,True,AVE,AVE 1,AVE | KEVE,0.9252549999999997,6.434536666666666
_mview_finance_etablissements_banque.fid-7b1c8a4a_1943cbfe119_-428a,Maritime,Avé,Avé 2,Aképé,ASSIAMA,FECECAV D Assiame,Micro-Finance,En activité,True,AVE,AVE 2,AVE | AKEPE,1.0578266666666665,6.2421733333333345
_mview_finance_etablissements_banque.fid-7b1c8a4a_1943cbfe119_-4289,Maritime,Avé,Avé 1,Tovégan,TOVEGAN,FECECAV Solidarite,Micro-Finance,En activité,True,AVE,AVE 1,AVE | TOVEGAN,0.8942383333333328,6.566518333333333
_mview_finance_etablissements_banque.fid-7b1c8a4a_1943cbfe119_-4288,Maritime,Avé,Avé 2,Aképé,AKEPE,FUCEC Togo Akepe,Micro-Finance,En activité,True,AVE,AVE 2,AVE | AKEPE,1.0574369358405815,6.241332053458358
_mview_finance_etablissements_banque.fid-7b1c8a4a_1943cbfe119_-4287,Maritime,Avé,Avé 2,Badja,BADJA,COOPAD Transformation,Micro-Finance,En activité,True,AVE,AVE 2,AVE | BADJA,0.9851716666666669,6.375300000000003
_mview_finance_etablissements_banque.fid-7b1c8a4a_1943cbfe119_-4286,Maritime,Zio,Zio 1,Gbatopé,GBATOPE,Mutuelle Akwaba Gbatope,Micro-Finance,En activité,True,ZIO,ZIO 1,ZIO | GBATOPE,1.2590233333333332,6.4444099999999995
_mview_finance_etablissements_banque.fid-7b1c8a4a_1943cbfe119_-4285,Maritime,Vo,Vo 3,Dzrékpo,AMEGNRAN,Microfinance Tso Nakle,Micro-Finance,En activité,True,VO,VO 3,VO | DZREKPO,1.5688957745842684,6.473318684360648
_mview_finance_etablissements_banque.fid-7b1c8a4a_1943cbfe119_-4284,Maritime,Zio,Zio 1,Tsévié,TSEVIE,SUNU Bank Tsevie,Banque,En activité,True,ZIO,ZIO 1,ZIO | TSEVIE,1.2116950000000004,6.417165
_mview_finance_etablissements_banque.fid-7b1c8a4a_1943cbfe119_-4283,Savanes,Cinkassé,Cinkassé 1,Cinkassé,Cinkanssé,2A.D.A.D,Micro-Finance,En activité,True,CINKASSE,CINKASSE 1,CINKASSE | CINKASSE,0.0242955900000002,11.099877119999999
_mview_finance_etablissements_banque.fid-7b1c8a4a_1943cbfe119_-4282,Maritime,Avé,Avé 1,Assahoun,AMEGNIDO KONDJI,COECEPT Assahoun,Micro-Finance,En activité,True,AVE,AVE 1,AVE | ASSAHOUN,0.9087680273957975,6.459856089517012
_mview_finance_etablissements_banque.fid-7b1c8a4a_1943cbfe119_-4281,Maritime,Avé,Avé 1,Zolo,DZOLO,FUCEC Togo Dzolo,Micro-Finance,En activité,True,AVE,AVE 1,AVE | ZOLO,0.8913618068184748,6.3756716323258225
_mview_finance_etablissements_banque.fid-7b1c8a4a_1943cbfe119_-4280,Maritime,Avé,Avé 1,Assahoun,ASSAHOUN,CECAV la Grace,Micro-Finance,En activité,True,AVE,AVE 1,AVE | ASSAHOUN,0.9090066666666662,6.459115000000002
_mview_finance_etablissements_banque.fid-7b1c8a4a_1943cbfe119_-427f,Maritime,Avé,Avé 2,Noépé,NOEPE,COOPEC la Lumière,Micro-Finance,Non renseigné,False,AVE,AVE 2,AVE | NOEPE,1.0430936701408355,6.256828672534578
_mview_finance_etablissements_banque.fid-7b1c8a4a_1943cbfe119_-427e,Maritime,Avé,Avé 1,Assahoun,ASSAHOUN,ORABANK Assahoun,Banque,En activité,True,AVE,AVE 1,AVE | ASSAHOUN,0.9101882221452332,6.454893167303371
_mview_finance_etablissements_banque.fid-7b1c8a4a_1943cbfe119_-427d,Maritime,Avé,Avé 1,Assahoun,ASSAHOUN,FUCEC Togo Assahoun,Micro-Finance,En activité,True,AVE,AVE 1,AVE | ASSAHOUN,0.9145275580204043,6.450344918328133
_mview_finance_etablissements_banque.fid-7b1c8a4a_1943cbfe119_-427c,Maritime,Zio,Zio 2,Mission-Tové,APESSITO,Mutuelle Benit,Micro-Finance,En activité,True,ZIO,ZIO 2,ZIO | MISSION-TOVE,1.135565,6.296796666666668
_mview_finance_etablissements_banque.fid-7b1c8a4a_1943cbfe119_-427b,Maritime,Zio,Zio 1,Tsévié,TSEVIE,SPT Tsevie,Banque,En activité,True,ZIO,ZIO 1,ZIO | TSEVIE,1.209923301397525,6.4240801143212565
_mview_finance_etablissements_banque.fid-7b1c8a4a_1943cbfe119_-427a,Maritime,Zio,Zio 1,Tsévié,Adjako,COOPEC Fidélité,Micro-Finance,Non renseigné,False,ZIO,ZIO 1,ZIO | TSEVIE,1.2067135976796382,6.433648159921646
_mview_finance_etablissements_banque.fid-7b1c8a4a_1943cbfe119_-4279,Maritime,Zio,Zio 2,Kovié,KOVIE,Mutuelle Dignité Humaine,Micro-Finance,Non renseigné,False,ZIO,ZIO 2,ZIO | KOVIE,1.1128200000000006,6.342693333333333
_mview_finance_etablissements_banque.fid-7b1c8a4a_1943cbfe119_-4278,Maritime,Zio,Zio 4,Gapé-Centre,AVERETOE,Mutuelle Akwaba Avérétoe,Micro-Finance,En activité,True,ZIO,ZIO 4,ZIO | GAPE-CENTRE,1.1032795873266528,6.602804686949104
_mview_finance_etablissements_banque.fid-7b1c8a4a_1943cbfe119_-4277,Maritime,Zio,Zio 4,Gapé-Centre,N/a,FUSECAB,Micro-Finance,En activité,True,ZIO,ZIO 4,ZIO | GAPE-CENTRE,1.1014363586413467,6.603393715797492
_mview_finance_etablissements_banque.fid-7b1c8a4a_1943cbfe119_-4276,Maritime,Zio,Zio 4,Gapé-Centre,Nyfare,COOPEC Gape Centre,Micro-Finance,En activité,True,ZIO,ZIO 4,ZIO | GAPE-CENTRE,1.1037347742488521,6.601971608906869
_mview_finance_etablissements_banque.fid-7b1c8a4a_1943cbfe119_-4275,Maritime,Zio,Zio 2,Mission-Tové,Avenyke,Centre d'assistance Juridique et Economique Aux Femmes,Micro-Finance,Non renseigné,False,ZIO,ZIO 2,ZIO | MISSION-TOVE,1.1252866666666663,6.289135000000001
_mview_finance_etablissements_banque.fid-7b1c8a4a_1943cbfe119_-4274,Maritime,Zio,Zio 3,Agbélouvé,AGBELOUVE,CECAv Prosperite,Micro-Finance,En activité,True,ZIO,ZIO 3,ZIO | AGBELOUVE,1.168202004415628,6.671258740998086
_mview_finance_etablissements_banque.fid-7b1c8a4a_1943cbfe119_-4273,Maritime,Zio,Zio 3,Agbélouvé,ZONGO,FUCEC Togo Agbelouvé,Micro-Finance,En activité,True,ZIO,ZIO 3,ZIO | AGBELOUVE,1.167646666666666,6.672010000000002
_mview_finance_etablissements_banque.fid-7b1c8a4a_1943cbfe119_-4272,Maritime,Zio,Zio 3,Agbélouvé,AGBELOUVE,SPEC OIC Togo Agbelouvé,Micro-Finance,En construction / inachevé,False,ZIO,ZIO 3,ZIO | AGBELOUVE,1.1686609035257691,6.668793483594661
_mview_finance_etablissements_banque.fid-7b1c8a4a_1943cbfe119_-4271,Maritime,Zio,Zio 1,Djagblé,DJAGBLE DEVE,COOPEC Tsevie Guichet Djagblé,Micro-Finance,En activité,True,ZIO,ZIO 1,ZIO | DJAGBLE,1.2840838371050298,6.254856509431228
_mview_finance_etablissements_banque.fid-7b1c8a4a_1943cbfe119_-4270,Maritime,Zio,Zio 3,Agbélouvé,KPEVEGO,Caisse Communautaire,Micro-Finance,Non renseigné,False,ZIO,ZIO 3,ZIO | AGBELOUVE,1.1862136373808159,6.620074109015926
_mview_finance_etablissements_banque.fid-7b1c8a4a_1943cbfe119_-426f,Maritime,Yoto,Yoto 3,Tokpli,ASSOU KONDJI,ECOBANK Assou kondji,Banque,En activité,True,YOTO,YOTO 3,YOTO | TOKPLI,1.567317586737663,6.625783318018493
_mview_finance_etablissements_banque.fid-7b1c8a4a_1943cbfe119_-426e,Maritime,Vo,Vo 2,Togoville,BADOUGBE,Mutuelle ASJD Bdougbé,Micro-Finance,En activité,True,VO,VO 2,VO | TOGOVILLE,1.5133058272413333,6.237518185838413
_mview_finance_etablissements_banque.fid-7b1c8a4a_1943cbfe119_-426d,Maritime,Bas-Mono,Bas-Mono 2,Attitogon,Ketope,FUCEC Togo AttiTogon,Micro-Finance,En activité,True,BAS-MONO,BAS-MONO 2,BAS-MONO | ATTITOGON,1.6631175459013166,6.41677940264338
_mview_finance_etablissements_banque.fid-7b1c8a4a_1943cbfe119_-426c,Maritime,Vo,Vo 1,Vogan,Novissikome,COOPEC-AD Novissikome,Micro-Finance,En activité,True,VO,VO 1,VO | VOGAN,1.5238499999999997,6.3407766666666685
_mview_finance_etablissements_banque.fid-7b1c8a4a_1943cbfe119_-426b,Maritime,Vo,Vo 1,Vogan,Novissikome,ORABANK Novissikomé,Banque,En activité,True,VO,VO 1,VO | VOGAN,1.5266850000000007,6.337270000000001
_mview_finance_etablissements_banque.fid-7b1c8a4a_1943cbfe119_-426a,Maritime,Vo,Vo 1,Vogan,Commandant condji,SPT Commandant condji,Banque,En activité,True,VO,VO 1,VO | VOGAN,1.5295100000000006,6.335061666666666
_mview_finance_etablissements_banque.fid-7b1c8a4a_1943cbfe119_-4269,Maritime,Vo,Vo 1,Vogan,Novossikome,COOPEC CECEAO,Micro-Finance,En activité,True,VO,VO 1,VO | VOGAN,1.524266666666666,6.339256666666667
_mview_finance_etablissements_banque.fid-7b1c8a4a_1943cbfe119_-4268,Maritime,Vo,Vo 3,Dzrékpo,AMEGNRAN,FESEC-Togo,Micro-Finance,En activité,True,VO,VO 3,VO | DZREKPO,1.5687463779901694,6.474165324792857
_mview_finance_etablissements_banque.fid-7b1c8a4a_1943cbfe119_-4267,Maritime,Lacs,Lacs 2,Aklakou,AKLAKOU LYCEE,SPT Aklakou,Banque,En activité,True,LACS,LACS 2,LACS | AKLAKOU,1.7097733333333331,6.335185
_mview_finance_etablissements_banque.fid-7b1c8a4a_1943cbfe119_-4266,Maritime,Vo,Vo 1,Vogan,Commandant kondji,Mutuelle Kekeli,Micro-Finance,En activité,True,VO,VO 1,VO | VOGAN,1.5299449999999997,6.333538333333334
_mview_finance_etablissements_banque.fid-7b1c8a4a_1943cbfe119_-4265,Maritime,Vo,Vo 1,Vogan,Novissikome,SUNU Bank Vogan,Banque,En activité,True,VO,VO 1,VO | VOGAN,1.5290350000000001,6.335515
_mview_finance_etablissements_banque.fid-7b1c8a4a_1943cbfe119_-4264,Savanes,Cinkassé,Cinkassé 1,Cinkassé,N/a,COOPEC AD Boadé,Micro-Finance,En activité,True,CINKASSE,CINKASSE 1,CINKASSE | CINKASSE,0.0177411999999997,11.099775399999999
_mview_finance_etablissements_banque.fid-7b1c8a4a_1943cbfe119_-4263,Maritime,Vo,Vo 1,Vogan,Novissikome,UTB Novissikomé,Banque,En activité,True,VO,VO 1,VO | VOGAN,1.5235249999999998,6.340533333333335
_mview_finance_etablissements_banque.fid-7b1c8a4a_1943cbfe119_-4262,Maritime,Vo,Vo 1,Vogan,Novissikome,FECECAV-MECA,Micro-Finance,En activité,True,VO,VO 1,VO | VOGAN,1.5239383333333332,6.340490000000002
_mview_finance_etablissements_banque.fid-7b1c8a4a_1943cbfe119_-4261,Maritime,Vo,Vo 4,Hahotoé,HAHOTOE,Coopérative d'épargne et de Credit du Personnel de la SNPT,Micro-Finance,En activité,True,VO,VO 4,VO | HAHOTOE,1.4093801384877906,6.367006402264263
_mview_finance_etablissements_banque.fid-7b1c8a4a_1943cbfe119_-4260,Maritime,Vo,Vo 4,Hahotoé,HAHOTOE,FUCEC Togo - COOPEC CECEAO,Micro-Finance,En activité,True,VO,VO 4,VO | HAHOTOE,1.4145866666666667,6.363103333333335
_mview_finance_etablissements_banque.fid-7b1c8a4a_1943cbfe119_-425f,Maritime,Vo,Vo 4,Hahotoé,HAHOTOE,UMECTO Kekeli,Micro-Finance,En activité,True,VO,VO 4,VO | HAHOTOE,1.4164533333333336,6.365516666666667
_mview_finance_etablissements_banque.fid-7b1c8a4a_1943cbfe119_-425e,Maritime,Lacs,Lacs 2,Aklakou,AKLAKOU LYCEE,Mutuelle Kekeli,Micro-Finance,En activité,True,LACS,LACS 2,LACS | AKLAKOU,1.7083999999999997,6.3337650000000005
_mview_finance_etablissements_banque.fid-7b1c8a4a_1943cbfe119_-425d,Maritime,Lacs,Lacs 4,Anfoin,ANFOIN CENTRE,MECA Anfoin,Micro-Finance,En activité,True,LACS,LACS 4,LACS | ANFOIN,1.6067983333333336,6.328863333333335
_mview_finance_etablissements_banque.fid-7b1c8a4a_1943cbfe119_-425c,Maritime,Lacs,Lacs 4,Anfoin,ANFOIN POSTE,SPT Anfoin,Banque,En activité,True,LACS,LACS 4,LACS | ANFOIN,1.6068806200000003,6.3287033500000005
_mview_finance_etablissements_banque.fid-7b1c8a4a_1943cbfe119_-425b,Maritime,Lacs,Lacs 4,Anfoin,ANFOIN CENTRE,COOPEC-nyameneko,Micro-Finance,En activité,True,LACS,LACS 4,LACS | ANFOIN,1.6075739,6.330149250000001
_mview_finance_etablissements_banque.fid-7b1c8a4a_1943cbfe119_-425a,Maritime,Lacs,Lacs 1,Canton D’Aneho,Aného centre,FUCEC Togo Aného,Micro-Finance,En activité,True,LACS,LACS 1,LACS | CANTON DANEHO,1.6104011999999996,6.23774328
_mview_finance_etablissements_banque.fid-7b1c8a4a_1943cbfe119_-4259,Maritime,Lacs,Lacs 1,Aného,ANEHOGAN AGBODJI,SPT Aneho,Banque,En activité,True,LACS,LACS 1,LACS | ANEHO,1.5973883333333334,6.228128333333332
_mview_finance_etablissements_banque.fid-7b1c8a4a_1943cbfe119_-4258,Maritime,Lacs,Lacs 3,Gbodjomé,DAGUE,COCPAV Dague,Micro-Finance,En activité,True,LACS,LACS 3,LACS | GBODJOME,1.4056099999999994,6.200319999999999
_mview_finance_etablissements_banque.fid-7b1c8a4a_1943cbfe119_-4257,Maritime,Lacs,Lacs 3,Gbodjomé,AFIDENYIGBAN,COOPEC Kekeli,Micro-Finance,En activité,True,LACS,LACS 3,LACS | GBODJOME,1.3925383333333334,6.183366666666667
_mview_finance_etablissements_banque.fid-7b1c8a4a_1943cbfe119_-4256,Maritime,Lacs,Lacs 3,Gbodjomé,AGBAVI,COOPEC Nyameneko /fusec,Micro-Finance,En activité,True,LACS,LACS 3,LACS | GBODJOME,1.3968250000000002,6.1922349999999975
_mview_finance_etablissements_banque.fid-7b1c8a4a_1943cbfe119_-4255,Maritime,Lacs,Lacs 1,Canton D’Aneho,N/a,UTB Aneho,Banque,Non renseigné,False,LACS,LACS 1,LACS | CANTON DANEHO,1.6032254,6.232721700000001
_mview_finance_etablissements_banque.fid-7b1c8a4a_1943cbfe119_-4254,Plateaux,Moyen-Mono,Moyen-Mono 2,Kpékplémé,N/a,OIC Kpékplémé,Banque,Non renseigné,False,MOYEN-MONO,MOYEN-MONO 2,MOYEN-MONO | KPEKPLEME,1.6257073199292362,7.331785471833214
_mview_finance_etablissements_banque.fid-7b1c8a4a_1943cbfe119_-4253,Maritime,Lacs,Lacs 3,Agbodrafo,AGBODRAFO,WAGES Agbodrafo,Micro-Finance,En activité,True,LACS,LACS 3,LACS | AGBODRAFO,1.4816766666666665,6.209718333333332
_mview_finance_etablissements_banque.fid-7b1c8a4a_1943cbfe119_-4252,Savanes,Tandjoaré,Tandjoaré 1,Bombouaka,BOMBOUAKA,COOPEC Nataan de Bombouaka,Micro-Finance,Non renseigné,False,TANDJOARE,TANDJOARE 1,TANDJOARE | BOMBOUAKA,0.2087583333333333,10.694073333333337
_mview_finance_etablissements_banque.fid-7b1c8a4a_1943cbfe119_-4251,Maritime,Lacs,Lacs 3,Agbodrafo,KPEME,FUCEC Togo Kpémé,Micro-Finance,En activité,True,LACS,LACS 3,LACS | AGBODRAFO,1.5045950000000003,6.213899999999999
_mview_finance_etablissements_banque.fid-7b1c8a4a_1943cbfe119_-4250,Maritime,Lacs,Lacs 3,Agbodrafo,AGBODRAFO,SPT Agbodrafo,Banque,Non renseigné,False,LACS,LACS 3,LACS | AGBODRAFO,1.4778316666666669,6.207895000000001
_mview_finance_etablissements_banque.fid-7b1c8a4a_1943cbfe119_-424f,Maritime,Lacs,Lacs 1,Canton D’Aneho,Amadote,MECA Amadoté,Micro-Finance,En activité,True,LACS,LACS 1,LACS | CANTON DANEHO,1.6145029999999998,6.238581700000001
_mview_finance_etablissements_banque.fid-7b1c8a4a_1943cbfe119_-424e,Plateaux,Ogou,Ogou 1,Djama,AGBONOU,COOPEC AD Agbonou,Micro-Finance,En activité,True,OGOU,OGOU 1,OGOU | DJAMA,1.1511452577382335,7.51371383601868
_mview_finance_etablissements_banque.fid-7b1c8a4a_1943cbfe119_-424d,Maritime,Lacs,Lacs 1,Canton D’Aneho,Carrefour du 13 janvier,ECOBANK Carrefour,Banque,En activité,True,LACS,LACS 1,LACS | CANTON DANEHO,1.6122614500000003,6.23636382
_mview_finance_etablissements_banque.fid-7b1c8a4a_1943cbfe119_-424c,Maritime,Lacs,Lacs 1,Canton D’Aneho,Gériko,SUNU Bank Gériko,Banque,En activité,True,LACS,LACS 1,LACS | CANTON DANEHO,1.6161891199999998,6.238434350000001
_mview_finance_etablissements_banque.fid-7b1c8a4a_1943cbfe119_-424b,Maritime,Lacs,Lacs 1,Canton D’Aneho,Gériko,ORABANK Gériko,Banque,En activité,True,LACS,LACS 1,LACS | CANTON DANEHO,1.6234909400000002,6.2401496000000005
_mview_finance_etablissements_banque.fid-7b1c8a4a_1943cbfe119_-424a,Maritime,Lacs,Lacs 1,Canton D’Aneho,Gériko,BTCI Gériko,Banque,En activité,True,LACS,LACS 1,LACS | CANTON DANEHO,1.62364358,6.240375340000001
_mview_finance_etablissements_banque.fid-7b1c8a4a_1943cbfe119_-4249,Maritime,Lacs,Lacs 1,Canton D’Aneho,Le sang kondji,WAGES le Sang kongni,Micro-Finance,En activité,True,LACS,LACS 1,LACS | CANTON DANEHO,1.62037899,6.23947996
_mview_finance_etablissements_banque.fid-7b1c8a4a_1943cbfe119_-4248,Maritime,Lacs,Lacs 1,Canton D’Aneho,Geriko,NSIA Assurance banque Aneho,Banque,Non renseigné,False,LACS,LACS 1,LACS | CANTON DANEHO,1.6214912799999994,6.239946480000001
_mview_finance_etablissements_banque.fid-7b1c8a4a_1943cbfe119_-4247,Maritime,Zio,Zio 1,Tsévié,BEGBE,ORABANK Tsevie,Banque,En activité,True,ZIO,ZIO 1,ZIO | TSEVIE,1.2119657313386423,6.434019472703054
_mview_finance_etablissements_banque.fid-7b1c8a4a_1943cbfe119_-4246,Maritime,Zio,Zio 3,Agbélouvé,Agbélouvé,SPT Agbélouvé,Banque,En activité,True,ZIO,ZIO 3,ZIO | AGBELOUVE,1.1678437843952096,6.671749272143332
_mview_finance_etablissements_banque.fid-7b1c8a4a_1943cbfe119_-4245,Maritime,Zio,Zio 1,Tsévié,TSEVIE,Division des Operations Douanieres de la Region Maritime,Micro-Finance,En activité,True,ZIO,ZIO 1,ZIO | TSEVIE,1.2162122592083409,6.432164956325957
_mview_finance_etablissements_banque.fid-7b1c8a4a_1943cbfe119_-4244,Plateaux,Amou,Amou 3,Témédja,TEMEDJA,COMEC Temedja,Micro-Finance,En activité,True,AMOU,AMOU 3,AMOU | TEMEDJA,1.0589466666666665,7.518834999999998
_mview_finance_etablissements_banque.fid-7b1c8a4a_1943cbfe119_-4243,Plateaux,Ogou,Ogou 1,Gnagna,N/a,BOA Gnagna,Banque,En activité,True,OGOU,OGOU 1,OGOU | GNAGNA,1.1412266666666666,7.519048333333334
_mview_finance_etablissements_banque.fid-7b1c8a4a_1943cbfe119_-4242,Plateaux,Ogou,Ogou 1,Djama,Kpotame,Microfinance Millenium Kpotame,Micro-Finance,En activité,True,OGOU,OGOU 1,OGOU | DJAMA,1.1528839027965647,7.5091423077618575
_mview_finance_etablissements_banque.fid-7b1c8a4a_1943cbfe119_-4241,Plateaux,Ogou,Ogou 1,Djama,AGBONOU,CECAV Agbonou,Micro-Finance,En activité,True,OGOU,OGOU 1,OGOU | DJAMA,1.1502349999999997,7.51646
_mview_finance_etablissements_banque.fid-7b1c8a4a_1943cbfe119_-4240,Plateaux,Ogou,Ogou 2,Akparé,AKPARE,COOPEC Ilema de Akpare,Micro-Finance,En construction / inachevé,False,OGOU,OGOU 2,OGOU | AKPARE,1.3146666666666662,7.474770000000003
_mview_finance_etablissements_banque.fid-7b1c8a4a_1943cbfe119_-423f,Plateaux,Est-Mono,Est-Mono 3,Nyamassila,NYAMASSILA,COOPEC Nyamassila,Micro-Finance,En activité,True,EST-MONO,EST-MONO 3,EST-MONO | NYAMASSILA,1.1919649999999995,7.987585000000001
_mview_finance_etablissements_banque.fid-7b1c8a4a_1943cbfe119_-423e,Plateaux,Est-Mono,Est-Mono 1,Elavagnon,ELAVAGNON,COOPEC Elavagnon,Micro-Finance,En activité,True,EST-MONO,EST-MONO 1,EST-MONO | ELAVAGNON,1.284715578012051,7.955827731916766
_mview_finance_etablissements_banque.fid-7b1c8a4a_1943cbfe119_-423d,Plateaux,Wawa,Wawa 1,Badou,BADOU,COOPEC-AD Badou,Micro-Finance,En activité,True,WAWA,WAWA 1,WAWA | BADOU,0.60879681011179,7.585430614652392
_mview_finance_etablissements_banque.fid-7b1c8a4a_1943cbfe119_-423c,Plateaux,Wawa,Wawa 1,Badou,ZONGO,MGPCC dekawowo,Micro-Finance,En activité,True,WAWA,WAWA 1,WAWA | BADOU,0.6095963454536255,7.592735147178389
_mview_finance_etablissements_banque.fid-7b1c8a4a_1943cbfe119_-423b,Plateaux,Wawa,Wawa 1,Badou,IKPABE,FUCEC Togo  COOPEC Novissi,Micro-Finance,En activité,True,WAWA,WAWA 1,WAWA | BADOU,0.6127683333333331,7.58479
_mview_finance_etablissements_banque.fid-7b1c8a4a_1943cbfe119_-423a,Plateaux,Wawa,Wawa 1,Badou,BADOU VILLE,ORABANK Badou,Banque,En activité,True,WAWA,WAWA 1,WAWA | BADOU,0.6065152459901539,7.584979121428079
_mview_finance_etablissements_banque.fid-7b1c8a4a_1943cbfe119_-4239,Plateaux,Est-Mono,Est-Mono 2,Morétan,MORETAN,COOPEC Katchere,Micro-Finance,En activité,True,EST-MONO,EST-MONO 2,EST-MONO | MORETAN,1.3504790894493797,8.10741032426643
_mview_finance_etablissements_banque.fid-7b1c8a4a_1943cbfe119_-4238,Plateaux,Ogou,Ogou 2,Datcha,ABIA AKOKO,Assciation Oressan,Micro-Finance,En activité,True,OGOU,OGOU 2,OGOU | DATCHA,1.1600283333333326,7.4326083333333335
_mview_finance_etablissements_banque.fid-7b1c8a4a_1943cbfe119_-4237,Savanes,Cinkassé,Cinkassé 1,Cinkassé,N/a,BSIC Cinkanssé,Banque,En activité,True,CINKASSE,CINKASSE 1,CINKASSE | CINKASSE,0.0138517300000002,11.107137359999998
_mview_finance_etablissements_banque.fid-7b1c8a4a_1943cbfe119_-4236,Plateaux,Moyen-Mono,Moyen-Mono 1,Tado,TADO-CENTRE,FUCEC Togo Tado,Micro-Finance,En activité,True,MOYEN-MONO,MOYEN-MONO 1,MOYEN-MONO | TADO,1.591692099308749,7.1460170359089155
_mview_finance_etablissements_banque.fid-7b1c8a4a_1943cbfe119_-4235,Plateaux,Ogou,Ogou 4,Ountivou,CARREFOUR ATCHANKOE,SPEC OIC Togo Atchankoe,Micro-Finance,En activité,True,OGOU,OGOU 4,OGOU | OUNTIVOU,1.4855015903412987,7.431298049728864
_mview_finance_etablissements_banque.fid-7b1c8a4a_1943cbfe119_-4234,Plateaux,Ogou,Ogou 4,Ountivou,QUARTIER CARREFOUR ATCHANKOE,Association Villageoise pour l'Epargne et le Credit,Micro-Finance,En activité,True,OGOU,OGOU 4,OGOU | OUNTIVOU,1.48510329751457,7.430692121366527
_mview_finance_etablissements_banque.fid-7b1c8a4a_1943cbfe119_-4233,Plateaux,Ogou,Ogou 3,Gléi,AKPAKA,SPEC OIC-Togo Akpaka,Micro-Finance,En activité,True,OGOU,OGOU 3,OGOU | GLEI,1.1636866666666668,7.314553333333335
_mview_finance_etablissements_banque.fid-7b1c8a4a_1943cbfe119_-4232,Plateaux,Haho,Haho 1,Atchavé,KPELE,FECECAV Kpele,Micro-Finance,En activité,True,HAHO,HAHO 1,HAHO | ATCHAVE,1.184121666666667,6.857761666666667
_mview_finance_etablissements_banque.fid-7b1c8a4a_1943cbfe119_-4231,Plateaux,Ogou,Ogou 3,Gléi,KPOTA,COOPEC Ilema de Kpota,Micro-Finance,En activité,True,OGOU,OGOU 3,OGOU | GLEI,1.1665883333333338,7.318416666666667
_mview_finance_etablissements_banque.fid-7b1c8a4a_1943cbfe119_-4230,Plateaux,Ogou,Ogou 3,Gléi,Affaire  sociale,COOPEC Novissi de l'Affaire sociale,Micro-Finance,En activité,True,OGOU,OGOU 3,OGOU | GLEI,1.1651629249555326,7.315628428476689
_mview_finance_etablissements_banque.fid-7b1c8a4a_1943cbfe119_-422f,Plateaux,Danyi,Danyi 1,Danyi-Atigba,APEYEME,FECECAV Danyi Microfinance,Micro-Finance,En activité,True,DANYI,DANYI 1,DANYI | DANYI-ATIGBA,0.6930825535488041,7.202054418560122
_mview_finance_etablissements_banque.fid-7b1c8a4a_1943cbfe119_-422e,Plateaux,Danyi,Danyi 1,Danyi-Atigba,APEYEME,FUCEC Togo Apéyémé,Micro-Finance,En activité,True,DANYI,DANYI 1,DANYI | DANYI-ATIGBA,0.6910599999999993,7.198371666666668
_mview_finance_etablissements_banque.fid-7b1c8a4a_1943cbfe119_-422d,Savanes,Cinkassé,Cinkassé 1,Cinkassé,N/a,UTB Boadé,Banque,En activité,True,CINKASSE,CINKASSE 1,CINKASSE | CINKASSE,0.0160195099999995,11.102661830000002
_mview_finance_etablissements_banque.fid-7b1c8a4a_1943cbfe119_-422c,Plateaux,Moyen-Mono,Moyen-Mono 1,Tohoun,KPOYIZOUHOE,SPEC OIC Togo Kpohizouhoe,Micro-Finance,En activité,True,MOYEN-MONO,MOYEN-MONO 1,MOYEN-MONO | TOHOUN,1.6151360922523716,7.023818098839283
_mview_finance_etablissements_banque.fid-7b1c8a4a_1943cbfe119_-422b,Plateaux,Moyen-Mono,Moyen-Mono 2,Kpékplémé,MEGNONTCHIHOE,COOPEC ADMEGNONTCHIHOE,Micro-Finance,En activité,True,MOYEN-MONO,MOYEN-MONO 2,MOYEN-MONO | KPEKPLEME,1.6276766666666662,7.325931666666667
_mview_finance_etablissements_banque.fid-7b1c8a4a_1943cbfe119_-422a,Plateaux,Moyen-Mono,Moyen-Mono 2,Kpékplémé,AHOEGBAME,FUCEC Togo Kpékplémé,Micro-Finance,En activité,True,MOYEN-MONO,MOYEN-MONO 2,MOYEN-MONO | KPEKPLEME,1.6239544159835997,7.328479642242918
_mview_finance_etablissements_banque.fid-7b1c8a4a_1943cbfe119_-4229,Savanes,Cinkassé,Cinkassé 1,Cinkassé,Vers la frontière,SPT Boadé,Banque,En activité,True,CINKASSE,CINKASSE 1,CINKASSE | CINKASSE,0.01244535,11.110863139999998
_mview_finance_etablissements_banque.fid-7b1c8a4a_1943cbfe119_-4228,Plateaux,Moyen-Mono,Moyen-Mono 1,Tado,TADO ADJATCHE,SPEC OIC Togo Tado,Micro-Finance,En activité,True,MOYEN-MONO,MOYEN-MONO 1,MOYEN-MONO | TADO,1.5930266666666668,7.143353333333333
_mview_finance_etablissements_banque.fid-7b1c8a4a_1943cbfe119_-4227,Plateaux,Agou,Agou 1,Agou-Tavié,AGOU-GARE,FUCEC Togo  COOPEC CFAE,Micro-Finance,En activité,True,AGOU,AGOU 1,AGOU | AGOU-TAVIE,0.7153516666666666,6.851056666666667
_mview_finance_etablissements_banque.fid-7b1c8a4a_1943cbfe119_-4226,Plateaux,Agou,Agou 1,Agou-Tavié,AGOU  GARE,CECAV Espoir,Micro-Finance,En activité,True,AGOU,AGOU 1,AGOU | AGOU-TAVIE,0.7185433333333333,6.847573333333334
_mview_finance_etablissements_banque.fid-7b1c8a4a_1943cbfe119_-4225,Plateaux,Agou,Agou 1,Agou-Tavié,AGOU-GARE,SPT Agou-gare,Banque,En activité,True,AGOU,AGOU 1,AGOU | AGOU-TAVIE,0.7163833333333331,6.844028333333335
_mview_finance_etablissements_banque.fid-7b1c8a4a_1943cbfe119_-4224,Plateaux,Akébou,Akébou 1,Kougnohou,KOUGNOHOU,FECECAV Kougnohou,Micro-Finance,Non renseigné,False,AKEBOU,AKEBOU 1,AKEBOU | KOUGNOHOU,0.7891916666666668,7.652154999999998
_mview_finance_etablissements_banque.fid-7b1c8a4a_1943cbfe119_-4223,Plateaux,Akébou,Akébou 1,Kougnohou,KOUGNOHOU,FUCEC Togo Kougnohou,Micro-Finance,En activité,True,AKEBOU,AKEBOU 1,AKEBOU | KOUGNOHOU,0.7912245636067079,7.654740048975441
_mview_finance_etablissements_banque.fid-7b1c8a4a_1943cbfe119_-4222,Plateaux,Ogou,Ogou 2,Akparé,ESIKOME,SPEC OIC Akpare,Micro-Finance,En activité,True,OGOU,OGOU 2,OGOU | AKPARE,1.3224900000000004,7.47279
_mview_finance_etablissements_banque.fid-7b1c8a4a_1943cbfe119_-4221,Plateaux,Kloto,Kloto 3,Kouma,Kouma Adame,CECAV Avenir de Kouma-adame,Micro-Finance,En activité,True,KLOTO,KLOTO 3,KLOTO | KOUMA,0.5963683333333334,6.975693333333335
_mview_finance_etablissements_banque.fid-7b1c8a4a_1943cbfe119_-4220,Plateaux,Kloto,Kloto 2,Lavié-Apédomé,Lavié,CECAV Lavie,Micro-Finance,En activité,True,KLOTO,KLOTO 2,KLOTO | LAVIE-APEDOME,0.6764433333333328,7.010566666666667
_mview_finance_etablissements_banque.fid-7b1c8a4a_1943cbfe119_-421f,Plateaux,Haho,Haho 4,Wahala,Lomnava,Mutuelle Rhema,Micro-Finance,En activité,True,HAHO,HAHO 4,HAHO | WAHALA,1.1610716666666672,7.175158333333335
_mview_finance_etablissements_banque.fid-7b1c8a4a_1943cbfe119_-421e,Plateaux,Kloto,Kloto 3,Agomé-Tomégbé,Tomegbe,CECAV Avenir Tomégbé,Micro-Finance,En activité,True,KLOTO,KLOTO 3,KLOTO | AGOME-TOMEGBE,0.558978333333333,6.954286666666668
_mview_finance_etablissements_banque.fid-7b1c8a4a_1943cbfe119_-421d,Plateaux,Kloto,Kloto 1,Agome-Kpalime,Lom nava,IB Bank Togo,Banque,En activité,True,KLOTO,KLOTO 1,KLOTO | AGOME-KPALIME,0.6344800000000004,6.921373333333335
_mview_finance_etablissements_banque.fid-7b1c8a4a_1943cbfe119_-421c,Plateaux,Kloto,Kloto 1,Agome-Kpalime,KPEGOLONOU,Sebaders Kpalime,Micro-Finance,Fermé / abandonné,False,KLOTO,KLOTO 1,KLOTO | AGOME-KPALIME,0.6208533333333339,6.92102
_mview_finance_etablissements_banque.fid-7b1c8a4a_1943cbfe119_-421b,Savanes,Cinkassé,Cinkassé 1,Cinkassé,N/a,NSIA Banque Cinkanssé,Banque,Non renseigné,False,CINKASSE,CINKASSE 1,CINKASSE | CINKASSE,0.0175574899999998,11.100690590000001
_mview_finance_etablissements_banque.fid-7b1c8a4a_1943cbfe119_-421a,Plateaux,Haho,Haho 4,Wahala,Agadjame,COOPEC Car-naolou,Micro-Finance,En activité,True,HAHO,HAHO 4,HAHO | WAHALA,1.1644350000000003,7.173106666666668
_mview_finance_etablissements_banque.fid-7b1c8a4a_1943cbfe119_-4219,Plateaux,Haho,Haho 4,Wahala,Agadjame,OIC-Togo,Micro-Finance,En activité,True,HAHO,HAHO 4,HAHO | WAHALA,1.1656600000000004,7.1726383333333334
_mview_finance_etablissements_banque.fid-7b1c8a4a_1943cbfe119_-4218,Plateaux,Haho,Haho 4,Wahala,Zongo,FECECAV Zongo,Micro-Finance,En activité,True,HAHO,HAHO 4,HAHO | WAHALA,1.1654300000000004,7.174356666666667
_mview_finance_etablissements_banque.fid-7b1c8a4a_1943cbfe119_-4217,Plateaux,Kloto,Kloto 1,Agome-Kpalime,LOMNAVA,SOGEMEF Lomnava,Micro-Finance,En activité,True,KLOTO,KLOTO 1,KLOTO | AGOME-KPALIME,0.6344066666666662,6.921533333333335
_mview_finance_etablissements_banque.fid-7b1c8a4a_1943cbfe119_-4216,Plateaux,Kloto,Kloto 1,Agome-Kpalime,KPEGOLONOU,MGPCC dekawowo,Micro-Finance,En construction / inachevé,False,KLOTO,KLOTO 1,KLOTO | AGOME-KPALIME,0.6241883333333336,6.918308333333333
_mview_finance_etablissements_banque.fid-7b1c8a4a_1943cbfe119_-4215,Plateaux,Kloto,Kloto 1,Agome-Kpalime,FIAKOME,ECOBANK Fiakomé,Banque,En activité,True,KLOTO,KLOTO 1,KLOTO | AGOME-KPALIME,0.6322545901014416,6.907052322401787
_mview_finance_etablissements_banque.fid-7b1c8a4a_1943cbfe119_-4214,Plateaux,Kloto,Kloto 1,Agome-Kpalime,GNIVEME,COMEC Kpalime,Micro-Finance,En activité,True,KLOTO,KLOTO 1,KLOTO | AGOME-KPALIME,0.6295500191936059,6.913097420603269
_mview_finance_etablissements_banque.fid-7b1c8a4a_1943cbfe119_-4213,Plateaux,Kloto,Kloto 1,Agome-Kpalime,Gniveme,SUNU Bank Kpalime,Banque,En activité,True,KLOTO,KLOTO 1,KLOTO | AGOME-KPALIME,0.6324900000000002,6.912565000000001
_mview_finance_etablissements_banque.fid-7b1c8a4a_1943cbfe119_-4212,Plateaux,Kloto,Kloto 1,Agome-Kpalime,DÔME,UTB Kpalime,Banque,En activité,True,KLOTO,KLOTO 1,KLOTO | AGOME-KPALIME,0.6329866666666665,6.906821666666667
_mview_finance_etablissements_banque.fid-7b1c8a4a_1943cbfe119_-4211,Savanes,Cinkassé,Cinkassé 1,Cinkassé,N/a,ORABANK Cinkanssé,Banque,En activité,True,CINKASSE,CINKASSE 1,CINKASSE | CINKASSE,0.0215181399999997,11.097366160000002
_mview_finance_etablissements_banque.fid-7b1c8a4a_1943cbfe119_-4210,Plateaux,Kloto,Kloto 1,Agome-Kpalime,KPEGOLONOU,CECAV Avenir Kpalimé,Micro-Finance,En activité,True,KLOTO,KLOTO 1,KLOTO | AGOME-KPALIME,0.6260783333333335,6.915843333333334
_mview_finance_etablissements_banque.fid-7b1c8a4a_1943cbfe119_-420f,Plateaux,Anié,Anié 2,Adogbénou,ADOGBENOU,Pratfig,Micro-Finance,En activité,True,ANIE,ANIE 2,ANIE | ADOGBENOU,1.4379999999999997,7.738083333333332
_mview_finance_etablissements_banque.fid-7b1c8a4a_1943cbfe119_-420e,Savanes,Tône,Tône 1,Dapaong,Nassablé,SUNU Bank Dapaong,Banque,En activité,True,TONE,TONE 1,TONE | DAPAONG,0.1998617881237031,10.883757113904021
_mview_finance_etablissements_banque.fid-7b1c8a4a_1943cbfe119_-420d,Plateaux,Anié,Anié 1,Anié,Anié,COOPEC AD Anié,Micro-Finance,En activité,True,ANIE,ANIE 1,ANIE | ANIE,1.1936107371233233,7.757592745358773
_mview_finance_etablissements_banque.fid-7b1c8a4a_1943cbfe119_-420c,Plateaux,Anié,Anié 1,Anié,Anié,WAGES Anié,Micro-Finance,En activité,True,ANIE,ANIE 1,ANIE | ANIE,1.1932325754841624,7.757567341404601
_mview_finance_etablissements_banque.fid-7b1c8a4a_1943cbfe119_-420b,Savanes,Cinkassé,Cinkassé 1,Cinkassé,Quartiers Languitaba,COOPEC-SIFA de Languitaba,Micro-Finance,En activité,True,CINKASSE,CINKASSE 1,CINKASSE | CINKASSE,0.0105469799999997,11.101958180000002
_mview_finance_etablissements_banque.fid-7b1c8a4a_1943cbfe119_-420a,Plateaux,Anié,Anié 1,Anié,Anié,FUCEC Togo Anié,Micro-Finance,En activité,True,ANIE,ANIE 1,ANIE | ANIE,1.193332103953501,7.763439869875062
_mview_finance_etablissements_banque.fid-7b1c8a4a_1943cbfe119_-4209,Savanes,Cinkassé,Cinkassé 1,Cinkassé,N/a,BTCI Boadé,Banque,En activité,True,CINKASSE,CINKASSE 1,CINKASSE | CINKASSE,0.0124709,11.110611610000003
_mview_finance_etablissements_banque.fid-7b1c8a4a_1943cbfe119_-4208,Plateaux,Anié,Anié 1,Anié,Anié,Assilassime Solidarité,Micro-Finance,En activité,True,ANIE,ANIE 1,ANIE | ANIE,1.1965858501604414,7.763583676022076
_mview_finance_etablissements_banque.fid-7b1c8a4a_1943cbfe119_-4207,Plateaux,Kloto,Kloto 1,Agome-Kpalime,Quartier administratif,COOPEC AD Kpalimé,Micro-Finance,En activité,True,KLOTO,KLOTO 1,KLOTO | AGOME-KPALIME,0.63223,6.907803333333335
_mview_finance_etablissements_banque.fid-7b1c8a4a_1943cbfe119_-4206,Plateaux,Kloto,Kloto 1,Agome-Kpalime,FIAKOME,ORABANK Kpalimé,Banque,En activité,True,KLOTO,KLOTO 1,KLOTO | AGOME-KPALIME,0.630046666666667,6.901071666666667
_mview_finance_etablissements_banque.fid-7b1c8a4a_1943cbfe119_-4205,Plateaux,Amou,Amou 2,Amou-Oblo,AMOU OBLO,COOPEC AD Amou Oblo,Micro-Finance,En activité,True,AMOU,AMOU 2,AMOU | AMOU-OBLO,0.8691766666666654,7.391483333333334
_mview_finance_etablissements_banque.fid-7b1c8a4a_1943cbfe119_-4204,Plateaux,Amou,Amou 2,Amou-Oblo,AMOU OBLO,CECAV Fidélité Amou Oblo,Micro-Finance,En activité,True,AMOU,AMOU 2,AMOU | AMOU-OBLO,0.8673325963797106,7.3881955507407335
_mview_finance_etablissements_banque.fid-7b1c8a4a_1943cbfe119_-4203,Plateaux,Amou,Amou 2,Amou-Oblo,AMOU OBLO,MGPCCdekahoho,Micro-Finance,En activité,True,AMOU,AMOU 2,AMOU | AMOU-OBLO,0.8674562996778736,7.387497833011123
_mview_finance_etablissements_banque.fid-7b1c8a4a_1943cbfe119_-4202,Plateaux,Amou,Amou 2,Amou-Oblo,AMOU OBLO,COOPEC Enyo Amou Oblo,Micro-Finance,En activité,True,AMOU,AMOU 2,AMOU | AMOU-OBLO,0.8678445988708431,7.388261736790542
_mview_finance_etablissements_banque.fid-7b1c8a4a_1943cbfe119_-4201,Plateaux,Kpélé,Kpélé 1,Kpélé-Novivé,Tetsefi,UTB Tetsefi,Banque,En activité,True,KPELE,KPELE 1,KPELE | KPELE-NOVIVE,0.7313316666666667,7.132041666666668
_mview_finance_etablissements_banque.fid-7b1c8a4a_1943cbfe119_-4200,Plateaux,Kpélé,Kpélé 1,Kpélé-Novivé,Wetsi,FECECAV Wetsi,Micro-Finance,En activité,True,KPELE,KPELE 1,KPELE | KPELE-NOVIVE,0.7288883333333331,7.128491666666668
_mview_finance_etablissements_banque.fid-7b1c8a4a_1943cbfe119_-41ff,Savanes,Cinkassé,Cinkassé 2,Sam-Naba,Sam-naba,Guichet de Sam-naba,Micro-Finance,En activité,True,CINKASSE,CINKASSE 2,CINKASSE | SAM-NABA,0.1642396099999996,11.06710248
_mview_finance_etablissements_banque.fid-7b1c8a4a_1943cbfe119_-41fe,Plateaux,Kpélé,Kpélé 1,Kpélé-Novivé,TSEFI,COOPEC Enyo Tsèfi,Micro-Finance,En activité,True,KPELE,KPELE 1,KPELE | KPELE-NOVIVE,0.7316583333333334,7.133195000000001
_mview_finance_etablissements_banque.fid-7b1c8a4a_1943cbfe119_-41fd,Plateaux,Kpélé,Kpélé 2,Kpélé-Centre,HASSOUPE,FECECAV Hassoupe,Micro-Finance,En activité,True,KPELE,KPELE 2,KPELE | KPELE-CENTRE,0.7475083333333336,7.17226
_mview_finance_etablissements_banque.fid-7b1c8a4a_1943cbfe119_-41fc,Plateaux,Kpélé,Kpélé 2,Kpélé-Nord,N/a,COOPEC Enyo,Micro-Finance,En activité,True,KPELE,KPELE 2,KPELE | KPELE-NORD,0.8031066666666669,7.282006666666665
_mview_finance_etablissements_banque.fid-7b1c8a4a_1943cbfe119_-41fb,Plateaux,Kpélé,Kpélé 1,Kpélé-Novivé,KPOTAME,Cooperative Mesona,Micro-Finance,En activité,True,KPELE,KPELE 1,KPELE | KPELE-NOVIVE,0.7301266666666666,7.137988333333334
_mview_finance_etablissements_banque.fid-7b1c8a4a_1943cbfe119_-41fa,Plateaux,Kpélé,Kpélé 2,Kpélé-Nord,BOYIVE,FECECAV-fidelité,Micro-Finance,En activité,True,KPELE,KPELE 2,KPELE | KPELE-NORD,0.8006499999999998,7.2767283333333355
_mview_finance_etablissements_banque.fid-7b1c8a4a_1943cbfe119_-41f9,Plateaux,Haho,Haho 1,Notsé,KRATI,FECECAV Agence Notsé,Micro-Finance,En activité,True,HAHO,HAHO 1,HAHO | NOTSE,1.1651450400374397,6.949459361971194
_mview_finance_etablissements_banque.fid-7b1c8a4a_1943cbfe119_-41f8,Plateaux,Haho,Haho 1,Notsé,ZONGO,URCLEC Agence Notsé,Micro-Finance,En activité,True,HAHO,HAHO 1,HAHO | NOTSE,1.1688116325320417,6.9510914510404636
_mview_finance_etablissements_banque.fid-7b1c8a4a_1943cbfe119_-41f7,Plateaux,Haho,Haho 1,Notsé,TEGBE,SPEC OIC-Togo Tegbe,Micro-Finance,En activité,True,HAHO,HAHO 1,HAHO | NOTSE,1.1701359999999998,6.9541608
_mview_finance_etablissements_banque.fid-7b1c8a4a_1943cbfe119_-41f6,Plateaux,Haho,Haho 1,Notsé,TEGBE,COOPEC AD Notsé,Micro-Finance,En activité,True,HAHO,HAHO 1,HAHO | NOTSE,1.1718650000000002,6.953368333333333
_mview_finance_etablissements_banque.fid-7b1c8a4a_1943cbfe119_-41f5,Plateaux,Haho,Haho 1,Notsé,Adimé,FUCEC Togo Adimé,Micro-Finance,En activité,True,HAHO,HAHO 1,HAHO | NOTSE,1.171155421737449,6.948462559553073
_mview_finance_etablissements_banque.fid-7b1c8a4a_1943cbfe119_-41f4,Plateaux,Haho,Haho 1,Notsé,Adémi,WAGES Notse,Micro-Finance,En activité,True,HAHO,HAHO 1,HAHO | NOTSE,1.168901666666667,6.948368333333334
_mview_finance_etablissements_banque.fid-7b1c8a4a_1943cbfe119_-41f3,Plateaux,Haho,Haho 1,Notsé,TAKO,COECEPT Notsé,Micro-Finance,En activité,True,HAHO,HAHO 1,HAHO | NOTSE,1.1749033333333327,6.947393333333336
_mview_finance_etablissements_banque.fid-7b1c8a4a_1943cbfe119_-41f2,Plateaux,Haho,Haho 1,Notsé,EKLI,FINAM Notsé,Micro-Finance,En activité,True,HAHO,HAHO 1,HAHO | NOTSE,1.1749511807831785,6.946986161674564
_mview_finance_etablissements_banque.fid-7b1c8a4a_1943cbfe119_-41f1,Plateaux,Haho,Haho 1,Notsé,EKLI,CERCIF Notsé,Micro-Finance,En activité,True,HAHO,HAHO 1,HAHO | NOTSE,1.1749316999999997,6.9468440000000005
_mview_finance_etablissements_banque.fid-7b1c8a4a_1943cbfe119_-41f0,Plateaux,Kpélé,Kpélé 1,Kpélé-Novivé,BODZE,CECAV Fidelite Bodzé,Micro-Finance,En activité,True,KPELE,KPELE 1,KPELE | KPELE-NOVIVE,0.9104516666666671,7.089731666666668
_mview_finance_etablissements_banque.fid-7b1c8a4a_1943cbfe119_-41ef,Plateaux,Haho,Haho 1,Notsé,Adémi,Rhema Notsé,Micro-Finance,En activité,True,HAHO,HAHO 1,HAHO | NOTSE,1.1699939278389604,6.948540992536163
_mview_finance_etablissements_banque.fid-7b1c8a4a_1943cbfe119_-41ee,Plateaux,Haho,Haho 1,Notsé,ALINOU,UTB Notse,Banque,En activité,True,HAHO,HAHO 1,HAHO | NOTSE,1.1734483333333336,6.943955000000002
_mview_finance_etablissements_banque.fid-7b1c8a4a_1943cbfe119_-41ed,Plateaux,Haho,Haho 1,Notsé,Adimé,ORABANK Notse,Banque,En activité,True,HAHO,HAHO 1,HAHO | NOTSE,1.1676276,6.948660100000001
_mview_finance_etablissements_banque.fid-7b1c8a4a_1943cbfe119_-41ec,Plateaux,Haho,Haho 1,Notsé,Adimé,SUNU Bank Notse,Banque,En activité,True,HAHO,HAHO 1,HAHO | NOTSE,1.1687949999999998,6.9491683333333345
_mview_finance_etablissements_banque.fid-7b1c8a4a_1943cbfe119_-41eb,Plateaux,Haho,Haho 1,Hahomégbé,HAHOMEGBE,SPEC OIC Togo Hahomegbé,Micro-Finance,En activité,True,HAHO,HAHO 1,HAHO | HAHOMEGBE,1.0268816666666667,6.932486666666667
_mview_finance_etablissements_banque.fid-7b1c8a4a_1943cbfe119_-41ea,Plateaux,Anié,Anié 1,Anié,ANIÉ,SUNU Bank Anié,Banque,En activité,True,ANIE,ANIE 1,ANIE | ANIE,1.1915248999999997,7.8081806999999985
_mview_finance_etablissements_banque.fid-7b1c8a4a_1943cbfe119_-41e9,Savanes,Tône,Tône 1,Dapaong,KPEGUI,Banque Atlantique Kpegui,Banque,En activité,True,TONE,TONE 1,TONE | DAPAONG,0.2030324431546941,10.865528234473325
_mview_finance_etablissements_banque.fid-7b1c8a4a_1943cbfe119_-41e8,Plateaux,Anié,Anié 1,Anié,Anié,Banque Atlantique Anié,Banque,En activité,True,ANIE,ANIE 1,ANIE | ANIE,1.1926816666666664,7.7648649999999995
_mview_finance_etablissements_banque.fid-7b1c8a4a_1943cbfe119_-41e7,Plateaux,Anié,Anié 1,Anié,ANIÉ,ORABANK Anié,Banque,En activité,True,ANIE,ANIE 1,ANIE | ANIE,1.1930026989018407,7.758835267901578
_mview_finance_etablissements_banque.fid-7b1c8a4a_1943cbfe119_-41e6,Plateaux,Agou,Agou 1,Gadja,AVETONOU,COOPEC CFAE,Micro-Finance,En activité,True,AGOU,AGOU 1,AGOU | GADJA,0.7965183333333329,6.795211666666668
_mview_finance_etablissements_banque.fid-7b1c8a4a_1943cbfe119_-41e5,Plateaux,Ogou,Ogou 1,Djama,Houdou,SPT Atakpame,Banque,En activité,True,OGOU,OGOU 1,OGOU | DJAMA,1.12474,7.532605000000001
_mview_finance_etablissements_banque.fid-7b1c8a4a_1943cbfe119_-41e4,Plateaux,Agou,Agou 1,Gadja,Avetonou,CECAV Espoir Avetonou,Micro-Finance,En activité,True,AGOU,AGOU 1,AGOU | GADJA,0.7953296771609297,6.796030968158773
_mview_finance_etablissements_banque.fid-7b1c8a4a_1943cbfe119_-41e3,Plateaux,Anié,Anié 1,Anié,ANIÉ,UTB Anié,Banque,En activité,True,ANIE,ANIE 1,ANIE | ANIE,1.1934103312774544,7.761812427428099
_mview_finance_etablissements_banque.fid-7b1c8a4a_1943cbfe119_-41e2,Plateaux,Haho,Haho 2,Asrama,ASRAMA,COOPEC AD Asrama,Micro-Finance,En activité,True,HAHO,HAHO 2,HAHO | ASRAMA,1.4059283333333334,7.0033416666666675
_mview_finance_etablissements_banque.fid-7b1c8a4a_1943cbfe119_-41e1,Plateaux,Haho,Haho 2,Asrama,ASRAMA,SPEC OIC Asrama,Micro-Finance,En activité,True,HAHO,HAHO 2,HAHO | ASRAMA,1.4036507776243607,7.003005570374716
_mview_finance_etablissements_banque.fid-7b1c8a4a_1943cbfe119_-41e0,Plateaux,Agou,Agou 1,Kati,Kati,CECAV Espoir de Kati,Micro-Finance,En activité,True,AGOU,AGOU 1,AGOU | KATI,0.8490130357511639,6.8905222229580225
_mview_finance_etablissements_banque.fid-7b1c8a4a_1943cbfe119_-41df,Plateaux,Ogou,Ogou 1,Gnagna,Lomnava,Service Assurance COOPEC Novissi,Assurance,En activité,True,OGOU,OGOU 1,OGOU | GNAGNA,1.1287753059012569,7.524260224227986
_mview_finance_etablissements_banque.fid-7b1c8a4a_1943cbfe119_-41de,Plateaux,Ogou,Ogou 1,Gnagna,LOMNAVA,COOPEC Novissi de Lomnava,Micro-Finance,En activité,True,OGOU,OGOU 1,OGOU | GNAGNA,1.1287549000000001,7.524368600000002
_mview_finance_etablissements_banque.fid-7b1c8a4a_1943cbfe119_-41dd,Plateaux,Ogou,Ogou 1,Djama,AGNONOU,SPT Agbonou,Banque,En activité,True,OGOU,OGOU 1,OGOU | DJAMA,1.1484566666666665,7.524389999999999
_mview_finance_etablissements_banque.fid-7b1c8a4a_1943cbfe119_-41dc,Plateaux,Haho,Haho 1,Notsé,Barrière,GTA Assurance Notse,Assurance,En activité,True,HAHO,HAHO 1,HAHO | NOTSE,1.1749534433657798,6.947048089431642
_mview_finance_etablissements_banque.fid-7b1c8a4a_1943cbfe119_-41db,Plateaux,Anié,Anié 1,Anié,Anie Assigame,COOPEC Ilema d'Assigamé,Micro-Finance,En activité,True,ANIE,ANIE 1,ANIE | ANIE,1.1935250000000002,7.76074
_mview_finance_etablissements_banque.fid-7b1c8a4a_1943cbfe119_-41da,Plateaux,Ogou,Ogou 1,Gnagna,LYATA,Caisse Nationale de Securite Sociale,Assurance,Non renseigné,False,OGOU,OGOU 1,OGOU | GNAGNA,1.1415722913769988,7.51965637808875
_mview_finance_etablissements_banque.fid-7b1c8a4a_1943cbfe119_-41d9,Plateaux,Ogou,Ogou 1,Djama,AGBONOU,Fidelia Assurance Agbonou,Assurance,Non renseigné,False,OGOU,OGOU 1,OGOU | DJAMA,1.1468943102929445,7.518359694599524
_mview_finance_etablissements_banque.fid-7b1c8a4a_1943cbfe119_-41d8,Plateaux,Ogou,Ogou 1,Djama,AGBO KPOTA,Institut Nationale d'Assurance Maladie,Assurance,Non renseigné,False,OGOU,OGOU 1,OGOU | DJAMA,1.151416666666666,7.513229999999998
_mview_finance_etablissements_banque.fid-7b1c8a4a_1943cbfe119_-41d7,Plateaux,Ogou,Ogou 1,Djama,AGBONOU SAHELIEN,Sanlam Agbonou,Assurance,Fermé / abandonné,False,OGOU,OGOU 1,OGOU | DJAMA,1.149323067362252,7.5257780389371325
_mview_finance_etablissements_banque.fid-7b1c8a4a_1943cbfe119_-41d6,Plateaux,Ogou,Ogou 1,Djama,DJAMA,BIA Togo Togo,Banque,En activité,True,OGOU,OGOU 1,OGOU | DJAMA,1.1218516666666662,7.533131666666667
_mview_finance_etablissements_banque.fid-7b1c8a4a_1943cbfe119_-41d5,Plateaux,Ogou,Ogou 1,Gnagna,Houdou,ECOBANK Houdou,Banque,En activité,True,OGOU,OGOU 1,OGOU | GNAGNA,1.1227834137892039,7.531569190933304
_mview_finance_etablissements_banque.fid-7b1c8a4a_1943cbfe119_-41d4,Plateaux,Ogou,Ogou 1,Gnagna,Houdou,Banque Atlantique Houdou,Banque,En activité,True,OGOU,OGOU 1,OGOU | GNAGNA,1.122133072085735,7.531833642145605
_mview_finance_etablissements_banque.fid-7b1c8a4a_1943cbfe119_-41d3,Plateaux,Ogou,Ogou 1,Gnagna,Houdou,Microfinance dekawowo,Micro-Finance,En activité,True,OGOU,OGOU 1,OGOU | GNAGNA,1.1239283333333339,7.5302016666666685
_mview_finance_etablissements_banque.fid-7b1c8a4a_1943cbfe119_-41d2,Plateaux,Ogou,Ogou 1,Gnagna,GNAGNA,NSIA Assurance Gnagna,Assurance,En activité,True,OGOU,OGOU 1,OGOU | GNAGNA,1.1410133333333339,7.519018333333334
_mview_finance_etablissements_banque.fid-7b1c8a4a_1943cbfe119_-41d1,Plateaux,Ogou,Ogou 1,Gnagna,GNAGNA,SUNU Bank Gnagna,Banque,En activité,True,OGOU,OGOU 1,OGOU | GNAGNA,1.1384451429458882,7.5224278731571905
_mview_finance_etablissements_banque.fid-7b1c8a4a_1943cbfe119_-41d0,Plateaux,Amou,Amou 1,Amlamé (Ouma),AMLAME,Trésorerie d'Amlame,Micro-Finance,En activité,True,AMOU,AMOU 1,AMOU | AMLAME (OUMA),0.9061001291161919,7.469144656473354
_mview_finance_etablissements_banque.fid-7b1c8a4a_1943cbfe119_-41cf,Plateaux,Danyi,Danyi 2,Danyi-Elavagnon,ELAVANYO,FECECAV Duamenyo Elavanyo,Micro-Finance,En activité,True,DANYI,DANYI 2,DANYI | DANYI-ELAVAGNON,0.7055416666666667,7.2816116666666675
_mview_finance_etablissements_banque.fid-7b1c8a4a_1943cbfe119_-41ce,Savanes,Kpendjal-Ouest,Kpendjal-Ouest 2,Papri,PAPRI,UMECTO Papri,Micro-Finance,En activité,True,KPENDJAL-OUEST,KPENDJAL-OUEST 2,KPENDJAL-OUEST | PAPRI,0.423813333333333,10.992986666666667
_mview_finance_etablissements_banque.fid-7b1c8a4a_1943cbfe119_-41cd,Savanes,Kpendjal-Ouest,Kpendjal-Ouest 2,Namoundjoga,NAMOUDJOGA,FUCEC Togo Namondjoga,Micro-Finance,Fermé / abandonné,False,KPENDJAL-OUEST,KPENDJAL-OUEST 2,KPENDJAL-OUEST | NAMOUNDJOGA,0.3939783333333329,10.893786666666667
_mview_finance_etablissements_banque.fid-7b1c8a4a_1943cbfe119_-41cc,Savanes,Tandjoaré,Tandjoaré 2,Nano,NANO CENTRE,COOPEC SIFA de Nano,Micro-Finance,En activité,True,TANDJOARE,TANDJOARE 2,TANDJOARE | NANO,0.1084326897437387,10.705816546858273
_mview_finance_etablissements_banque.fid-7b1c8a4a_1943cbfe119_-41cb,Savanes,Tandjoaré,Tandjoaré 2,Doukpergou,SIKBAOG,CMECS Sikbaog,Micro-Finance,En activité,True,TANDJOARE,TANDJOARE 2,TANDJOARE | DOUKPERGOU,0.0835583333333327,10.638938333333334
_mview_finance_etablissements_banque.fid-7b1c8a4a_1943cbfe119_-41ca,Savanes,Oti-Sud,Oti-Sud 1,Gando,KANDO CENTRE,SPT Kando,Banque,En activité,True,OTI-SUD,OTI-SUD 1,OTI-SUD | GANDO,0.7425432377008774,10.326937118346466
_mview_finance_etablissements_banque.fid-7b1c8a4a_1943cbfe119_-41c9,Savanes,Tandjoaré,Tandjoaré 2,Nano,NANO,COOPEC Nataan Agence de Nano,Micro-Finance,En activité,True,TANDJOARE,TANDJOARE 2,TANDJOARE | NANO,0.1132467112871075,10.701393226030408
_mview_finance_etablissements_banque.fid-7b1c8a4a_1943cbfe119_-41c8,Savanes,Tandjoaré,Tandjoaré 2,Nano,NANO,Amis Financer des Pauvres,Micro-Finance,En activité,True,TANDJOARE,TANDJOARE 2,TANDJOARE | NANO,0.1106811769479809,10.702305254359022
_mview_finance_etablissements_banque.fid-7b1c8a4a_1943cbfe119_-41c7,Savanes,Oti,Oti 1,Mango,MANGO,COOPEC Lumiere Mango,Micro-Finance,En activité,True,OTI,OTI 1,OTI | MANGO,0.4689195499524681,10.351599742699463
_mview_finance_etablissements_banque.fid-7b1c8a4a_1943cbfe119_-41c6,Savanes,Cinkassé,Cinkassé 1,Cinkassé,Quartier  Nazemssé,CEMEC Cinkanssé,Micro-Finance,En activité,True,CINKASSE,CINKASSE 1,CINKASSE | CINKASSE,0.02932876,11.096675949999998
_mview_finance_etablissements_banque.fid-7b1c8a4a_1943cbfe119_-41c5,Savanes,Tône,Tône 3,Lotogou,LOTOGOU CENTRE,La Caisse Mutuelle d'epargne et de Credit de LoTogou,Micro-Finance,En activité,True,TONE,TONE 3,TONE | LOTOGOU,0.025030935448983,10.798298552289147
_mview_finance_etablissements_banque.fid-7b1c8a4a_1943cbfe119_-41c4,Savanes,Cinkassé,Cinkassé 1,Cinkassé,Quartier Nazemssé,V.I.Z.A- Togo,Micro-Finance,En activité,True,CINKASSE,CINKASSE 1,CINKASSE | CINKASSE,0.025253169999999,11.0961158
_mview_finance_etablissements_banque.fid-7b1c8a4a_1943cbfe119_-41c3,Savanes,Cinkassé,Cinkassé 1,Cinkassé,Ville Cinkanssé,COOPEC Lando,Micro-Finance,En activité,True,CINKASSE,CINKASSE 1,CINKASSE | CINKASSE,0.0211470599999989,11.09717948
_mview_finance_etablissements_banque.fid-7b1c8a4a_1943cbfe119_-41c2,Savanes,Kpendjal-Ouest,Kpendjal-Ouest 1,Naki-Est,NAKI EST CENTRE,COOPEC SIFA de Naki Est Centre,Micro-Finance,En activité,True,KPENDJAL-OUEST,KPENDJAL-OUEST 1,KPENDJAL-OUEST | NAKI-EST,0.3846333333333324,10.729888333333337
_mview_finance_etablissements_banque.fid-7b1c8a4a_1943cbfe119_-41c1,Savanes,Oti,Oti 1,Mango,N/a,ORABANK Mango,Banque,En activité,True,OTI,OTI 1,OTI | MANGO,0.4754733333333329,10.35716333333333
_mview_finance_etablissements_banque.fid-7b1c8a4a_1943cbfe119_-41c0,Savanes,Oti,Oti 2,Barkoissi,BORKOISSI,FUCEC Togo Barkoissi,Micro-Finance,Non renseigné,False,OTI,OTI 2,OTI | BARKOISSI,0.3019366666666656,10.558060000000005
_mview_finance_etablissements_banque.fid-7b1c8a4a_1943cbfe119_-41bf,Savanes,Oti,Oti 1,Mango,MANGO,COOPEC SIFA Mango,Micro-Finance,En activité,True,OTI,OTI 1,OTI | MANGO,0.4693016666666665,10.348063333333334
_mview_finance_etablissements_banque.fid-7b1c8a4a_1943cbfe119_-41be,Savanes,Oti,Oti 1,Mango,MANGO,UTB Mango,Banque,En activité,True,OTI,OTI 1,OTI | MANGO,0.4693666666666666,10.352395000000001
_mview_finance_etablissements_banque.fid-7b1c8a4a_1943cbfe119_-41bd,Savanes,Oti,Oti 2,Barkoissi,BARKOISSI,COOPEC SIFA Barkoissi,Micro-Finance,En activité,True,OTI,OTI 2,OTI | BARKOISSI,0.3054883333333328,10.557075000000003
_mview_finance_etablissements_banque.fid-7b1c8a4a_1943cbfe119_-41bc,Savanes,Oti,Oti 2,Barkoissi,BARKOISSI,U-CMECS Lantodim,Micro-Finance,En activité,True,OTI,OTI 2,OTI | BARKOISSI,0.3032583333333335,10.55560333333333
_mview_finance_etablissements_banque.fid-7b1c8a4a_1943cbfe119_-41bb,Savanes,Kpendjal-Ouest,Kpendjal-Ouest 2,Papri,TAMBONGA,U-CMECS (union des Caisses Mutuelles D'epargne et de Crédit des Savanes),Micro-Finance,En activité,True,KPENDJAL-OUEST,KPENDJAL-OUEST 2,KPENDJAL-OUEST | PAPRI,0.4357950202027965,10.953968223424951
_mview_finance_etablissements_banque.fid-7b1c8a4a_1943cbfe119_-41ba,Savanes,Cinkassé,Cinkassé 1,Cinkassé,Quartier samango,Banque Atlantique Quartier Samango,Banque,En activité,True,CINKASSE,CINKASSE 1,CINKASSE | CINKASSE,0.016539589999999,11.102568520000004
_mview_finance_etablissements_banque.fid-7b1c8a4a_1943cbfe119_-41b9,Savanes,Cinkassé,Cinkassé 1,Cinkassé,Quartier samango,ECOBANK Cinkanssé,Banque,Non renseigné,False,CINKASSE,CINKASSE 1,CINKASSE | CINKASSE,0.0162530099999996,11.10216061
_mview_finance_etablissements_banque.fid-7b1c8a4a_1943cbfe119_-41b8,Savanes,Cinkassé,Cinkassé 1,Cinkassé,Cinkanssé,CORIS Bank Cinkanssé,Banque,En activité,True,CINKASSE,CINKASSE 1,CINKASSE | CINKASSE,0.0227043699999995,11.097053140000002
_mview_finance_etablissements_banque.fid-7b1c8a4a_1943cbfe119_-41b7,Savanes,Cinkassé,Cinkassé 1,Cinkassé,Cinkanssé,BOA Cinkanssé,Banque,En activité,True,CINKASSE,CINKASSE 1,CINKASSE | CINKASSE,0.025987670000001,11.096349140000003
_mview_finance_etablissements_banque.fid-7b1c8a4a_1943cbfe119_-41b6,Savanes,Cinkassé,Cinkassé 2,Timbou,Quartier natinga,V.I.Z.A- Togo Natinga,Micro-Finance,En activité,True,CINKASSE,CINKASSE 2,CINKASSE | TIMBOU,0.1164212700000001,11.03596488
_mview_finance_etablissements_banque.fid-7b1c8a4a_1943cbfe119_-41b5,Savanes,Tandjoaré,Tandjoaré 1,Bombouaka,BOMBOUAKA,SPT Bombouaka,Banque,En activité,True,TANDJOARE,TANDJOARE 1,TANDJOARE | BOMBOUAKA,0.2076119019961916,10.699540591129125
_mview_finance_etablissements_banque.fid-7b1c8a4a_1943cbfe119_-41b4,Savanes,Tandjoaré,Tandjoaré 1,Bombouaka,BOMBOUAKA,UMECTO Bombouaka,Micro-Finance,Non renseigné,False,TANDJOARE,TANDJOARE 1,TANDJOARE | BOMBOUAKA,0.2081018484449186,10.700130500325534
_mview_finance_etablissements_banque.fid-7b1c8a4a_1943cbfe119_-41b3,Savanes,Tandjoaré,Tandjoaré 1,Tamongue,TAMOU,U-CMECS Tamou,Micro-Finance,Non renseigné,False,TANDJOARE,TANDJOARE 1,TANDJOARE | TAMONGUE,0.1747299999999998,10.596316666666667
_mview_finance_etablissements_banque.fid-7b1c8a4a_1943cbfe119_-41b2,Savanes,Tône,Tône 1,Dapaong,NASSABLE,ORABANK Nassablé,Banque,En activité,True,TONE,TONE 1,TONE | DAPAONG,0.2003816666666658,10.877000000000002
_mview_finance_etablissements_banque.fid-7b1c8a4a_1943cbfe119_-41b1,Savanes,Tône,Tône 1,Dapaong,KOMBONLOAGA,Microfinance U-CMECS,Micro-Finance,En activité,True,TONE,TONE 1,TONE | DAPAONG,0.1967783333333335,10.875438333333332
_mview_finance_etablissements_banque.fid-7b1c8a4a_1943cbfe119_-41b0,Savanes,Tône,Tône 1,Dapaong,KOMBONLOAGA,Incha Allah Finance,Micro-Finance,Non renseigné,False,TONE,TONE 1,TONE | DAPAONG,0.1986583333333329,10.870201666666667
_mview_finance_etablissements_banque.fid-7b1c8a4a_1943cbfe119_-41af,Savanes,Tône,Tône 1,Dapaong,KPEGUI,Microfinance AFP,Micro-Finance,En activité,True,TONE,TONE 1,TONE | DAPAONG,0.2015649999999997,10.869738333333332
_mview_finance_etablissements_banque.fid-7b1c8a4a_1943cbfe119_-41ae,Savanes,Tône,Tône 1,Dapaong,KOMBONLOAGA,Direction COOPEC- SIFA,Micro-Finance,En activité,True,TONE,TONE 1,TONE | DAPAONG,0.1999166666666664,10.865344999999998
_mview_finance_etablissements_banque.fid-7b1c8a4a_1943cbfe119_-41ad,Savanes,Tône,Tône 1,Dapaong,NAPIENGUE,UMECTO Napiengue,Micro-Finance,En activité,True,TONE,TONE 1,TONE | DAPAONG,0.2034566666666671,10.86282
_mview_finance_etablissements_banque.fid-7b1c8a4a_1943cbfe119_-41ac,Savanes,Oti-Sud,Oti-Sud 1,Sagbiebou,SAGBIEBOU 1,U-CMECS Sagbiebou,Micro-Finance,En activité,True,OTI-SUD,OTI-SUD 1,OTI-SUD | SAGBIEBOU,0.6451099999999996,10.245945
_mview_finance_etablissements_banque.fid-7b1c8a4a_1943cbfe119_-41ab,Savanes,Oti-Sud,Oti-Sud 1,Gando,Kando,FUCEC Togo -Togo (COOPEC Lumière Agence Kando ),Micro-Finance,En activité,True,OTI-SUD,OTI-SUD 1,OTI-SUD | GANDO,0.7450254614202725,10.33152337118989
_mview_finance_etablissements_banque.fid-7b1c8a4a_1943cbfe119_-41aa,Savanes,Oti-Sud,Oti-Sud 1,Gando,GANDO CENTRE,COOPEC SIFA Gando Centre,Micro-Finance,En activité,True,OTI-SUD,OTI-SUD 1,OTI-SUD | GANDO,0.7483766666666668,10.333923333333335
_mview_finance_etablissements_banque.fid-7b1c8a4a_1943cbfe119_-41a9,Savanes,Tône,Tône 1,Dapaong,NASSABLE,FUCEC Togo  COOPEC Lando,Micro-Finance,En activité,True,TONE,TONE 1,TONE | DAPAONG,0.1935616666666662,10.882031666666668
_mview_finance_etablissements_banque.fid-7b1c8a4a_1943cbfe119_-41a8,Savanes,Tône,Tône 1,Dapaong,NAPIENGUE,COOPEC AD Dapaong,Micro-Finance,En activité,True,TONE,TONE 1,TONE | DAPAONG,0.2062104997988418,10.867566895607839
_mview_finance_etablissements_banque.fid-7b1c8a4a_1943cbfe119_-41a7,Savanes,Tône,Tône 1,Dapaong,NAPIENGUE,CECAV Dapaong,Micro-Finance,En activité,True,TONE,TONE 1,TONE | DAPAONG,0.2045483333333328,10.862111666666667
_mview_finance_etablissements_banque.fid-7b1c8a4a_1943cbfe119_-41a6,Savanes,Oti,Oti 2,Barkoissi,Barkoissi,SPT Barkoissi,Banque,En activité,True,OTI,OTI 2,OTI | BARKOISSI,0.3045488080692265,10.555431316135543
_mview_finance_etablissements_banque.fid-7b1c8a4a_1943cbfe119_-41a5,Savanes,Oti,Oti 1,Mango,Mango,SPT Mango,Banque,En activité,True,OTI,OTI 1,OTI | MANGO,0.4719815245260524,10.357189506891158
_mview_finance_etablissements_banque.fid-7b1c8a4a_1943cbfe119_-41a4,Savanes,Oti,Oti 1,Mango,Mango (sangbana),Transfert d'argent Al-izza,Micro-Finance,En activité,True,OTI,OTI 1,OTI | MANGO,0.4704172075691301,10.354195912335152
_mview_finance_etablissements_banque.fid-7b1c8a4a_1943cbfe119_-41a3,Savanes,Oti-Sud,Oti-Sud 2,Takpamba,TAKPAMBA,COOPEC SIFA Takpamba,Micro-Finance,En activité,True,OTI-SUD,OTI-SUD 2,OTI-SUD | TAKPAMBA,0.5788476736208518,9.970867266857974
_mview_finance_etablissements_banque.fid-7b1c8a4a_1943cbfe119_-41a2,Savanes,Tône,Tône 1,Dapaong,DAPAONG,ECOBANK Dapaong,Banque,En activité,True,TONE,TONE 1,TONE | DAPAONG,0.2021333333333333,10.869443333333333
_mview_finance_etablissements_banque.fid-7b1c8a4a_1943cbfe119_-41a1,Savanes,Tône,Tône 1,Dapaong,DAPAONG,BSIC Dapaong,Banque,En activité,True,TONE,TONE 1,TONE | DAPAONG,0.2005323882126942,10.87647751898997
_mview_finance_etablissements_banque.fid-7b1c8a4a_1943cbfe119_-41a0,Savanes,Tône,Tône 1,Dapaong,KOUKOUARE,UTB Dapaong,Banque,En activité,True,TONE,TONE 1,TONE | DAPAONG,0.2054283333333333,10.860778333333334
_mview_finance_etablissements_banque.fid-7b1c8a4a_1943cbfe119_-419f,Savanes,Tône,Tône 1,Dapaong,Worgou,BTCI Worgou,Banque,En activité,True,TONE,TONE 1,TONE | DAPAONG,0.2024338372086217,10.850130196071142
_mview_finance_etablissements_banque.fid-7b1c8a4a_1943cbfe119_-419e,Grand Lomé,Golfe,Golfe 1,Bè-Est,Adawlato,Direction générale Ecobank Togo,Banque,En activité,True,GOLFE,GOLFE 1,GOLFE | BE-EST,1.2585633234167288,6.13597966622959
_mview_finance_etablissements_banque.fid-7b1c8a4a_1943cbfe119_-419d,Plateaux,Kloto,Kloto 1,Agome-Kpalime,Gniveme,FUCEC Kpalime,Micro-Finance,Non renseigné,False,KLOTO,KLOTO 1,KLOTO | AGOME-KPALIME,0.63340629671594,6.914479978758992
